 
INSERT INTO "Schemas"."CodeLists"  VALUES ('CI_OnLineFunctionCode', 'OnFunctCd', 'ISO 19115', NULL, 0, 'CodeList', NULL, ' ');
INSERT INTO "Schemas"."CodeListElements"  VALUES ('download', NULL, 'ISO 19115', NULL, 0, 1, 'CI_OnLineFunctionCode', 'CI_OnLineFunctionCode', 'CI_OnLineFunctionCode', 'C', 0, 'ISO 19115', 'ISO 19115', ' ', 1);
INSERT INTO "Schemas"."CodeListElements"  VALUES ('information', NULL, 'ISO 19115', NULL, 0, 1, 'CI_OnLineFunctionCode', 'CI_OnLineFunctionCode', 'CI_OnLineFunctionCode', 'C', 0, 'ISO 19115', 'ISO 19115', ' ', 2);
INSERT INTO "Schemas"."CodeListElements"  VALUES ('offlineAccess', NULL, 'ISO 19115', NULL, 0, 1, 'CI_OnLineFunctionCode', 'CI_OnLineFunctionCode', 'CI_OnLineFunctionCode', 'C', 0, 'ISO 19115', 'ISO 19115', ' ', 3);
INSERT INTO "Schemas"."CodeListElements"  VALUES ('order', NULL, 'ISO 19115', NULL, 0, 1, 'CI_OnLineFunctionCode', 'CI_OnLineFunctionCode', 'CI_OnLineFunctionCode', 'C', 0, 'ISO 19115', 'ISO 19115', ' ', 4);
INSERT INTO "Schemas"."CodeListElements"  VALUES ('search', NULL, 'ISO 19115', NULL, 0, 1, 'CI_OnLineFunctionCode', 'CI_OnLineFunctionCode', 'CI_OnLineFunctionCode', 'C', 0, 'ISO 19115', 'ISO 19115', ' ', 5);

INSERT INTO "Schemas"."CodeLists"  VALUES ('CI_RoleCode', 'RoleCd', 'ISO 19115', NULL, 0, 'CodeList', NULL, ' ');
INSERT INTO "Schemas"."CodeListElements"  VALUES ('resourceProvider', NULL, 'ISO 19115', NULL, 0, 1, 'CI_RoleCode', 'CI_RoleCode', 'CI_RoleCode', 'C', 0, 'ISO 19115', 'ISO 19115', ' ', 1);
INSERT INTO "Schemas"."CodeListElements"  VALUES ('publisher', NULL, 'ISO 19115', NULL, 0, 1, 'CI_RoleCode', 'CI_RoleCode', 'CI_RoleCode', 'C', 0, 'ISO 19115', 'ISO 19115', ' ', 10);
INSERT INTO "Schemas"."CodeListElements"  VALUES ('author', NULL, 'ISO 19115', NULL, 0, 1, 'CI_RoleCode', 'CI_RoleCode', 'CI_RoleCode', 'C', 0, 'ISO 19115', 'ISO 19115', ' ', 11);
INSERT INTO "Schemas"."CodeListElements"  VALUES ('custodian', NULL, 'ISO 19115', NULL, 0, 1, 'CI_RoleCode', 'CI_RoleCode', 'CI_RoleCode', 'C', 0, 'ISO 19115', 'ISO 19115', ' ', 2);
INSERT INTO "Schemas"."CodeListElements"  VALUES ('owner', NULL, 'ISO 19115', NULL, 0, 1, 'CI_RoleCode', 'CI_RoleCode', 'CI_RoleCode', 'C', 0, 'ISO 19115', 'ISO 19115', ' ', 3);
INSERT INTO "Schemas"."CodeListElements"  VALUES ('user', NULL, 'ISO 19115', NULL, 0, 1, 'CI_RoleCode', 'CI_RoleCode', 'CI_RoleCode', 'C', 0, 'ISO 19115', 'ISO 19115', ' ', 4);
INSERT INTO "Schemas"."CodeListElements"  VALUES ('distributor', NULL, 'ISO 19115', NULL, 0, 1, 'CI_RoleCode', 'CI_RoleCode', 'CI_RoleCode', 'C', 0, 'ISO 19115', 'ISO 19115', ' ', 5);
INSERT INTO "Schemas"."CodeListElements"  VALUES ('originator', NULL, 'ISO 19115', NULL, 0, 1, 'CI_RoleCode', 'CI_RoleCode', 'CI_RoleCode', 'C', 0, 'ISO 19115', 'ISO 19115', ' ', 6);
INSERT INTO "Schemas"."CodeListElements"  VALUES ('pointOfContact', NULL, 'ISO 19115', NULL, 0, 1, 'CI_RoleCode', 'CI_RoleCode', 'CI_RoleCode', 'C', 0, 'ISO 19115', 'ISO 19115', ' ', 7);
INSERT INTO "Schemas"."CodeListElements"  VALUES ('principalInvestigator', NULL, 'ISO 19115', NULL, 0, 1, 'CI_RoleCode', 'CI_RoleCode', 'CI_RoleCode', 'C', 0, 'ISO 19115', 'ISO 19115', ' ', 8);
INSERT INTO "Schemas"."CodeListElements"  VALUES ('processor', NULL, 'ISO 19115', NULL, 0, 1, 'CI_RoleCode', 'CI_RoleCode', 'CI_RoleCode', 'C', 0, 'ISO 19115', 'ISO 19115', ' ', 9);

 INSERT INTO "Schemas"."CodeLists"  VALUES ('CountryCode', 'CountryCd', 'ISO 19115', NULL, 0, 'CodeList', NULL, ' ');
 INSERT INTO "Schemas"."Locales"  VALUES ('Algeria', 'dz', 'ISO 3166', NULL, 0, 1, 'CountryCode', 'CountryCode', 'CountryCode', 'C', 0, 'ISO 19115', 'ISO 19115', ' ', 0);
 INSERT INTO "Schemas"."Locales"  VALUES ('Argentina', 'ar', 'ISO 3166', NULL, 0, 1, 'CountryCode', 'CountryCode', 'CountryCode', 'C', 0, 'ISO 19115', 'ISO 19115', ' ', 0);
 INSERT INTO "Schemas"."Locales"  VALUES ('Indonesia', 'id', 'ISO 3166', NULL, 0, 1, 'CountryCode', 'CountryCode', 'CountryCode', 'C', 0, 'ISO 19115', 'ISO 19115', ' ', 0);
 INSERT INTO "Schemas"."Locales"  VALUES ('Iran', 'ir', 'ISO 3166', NULL, 0, 1, 'CountryCode', 'CountryCode', 'CountryCode', 'C', 0, 'ISO 19115', 'ISO 19115', ' ', 0);
 INSERT INTO "Schemas"."Locales"  VALUES ('Iraq', 'iq', 'ISO 3166', NULL, 0, 1, 'CountryCode', 'CountryCode', 'CountryCode', 'C', 0, 'ISO 19115', 'ISO 19115', ' ', 0);
 INSERT INTO "Schemas"."Locales"  VALUES ('Ireland', 'ie', 'ISO 3166', NULL, 0, 1, 'CountryCode', 'CountryCode', 'CountryCode', 'C', 0, 'ISO 19115', 'ISO 19115', ' ', 0);
 INSERT INTO "Schemas"."Locales"  VALUES ('Israel', 'il', 'ISO 3166', NULL, 0, 1, 'CountryCode', 'CountryCode', 'CountryCode', 'C', 0, 'ISO 19115', 'ISO 19115', ' ', 0);
 INSERT INTO "Schemas"."Locales"  VALUES ('Italy', 'it', 'ISO 3166', NULL, 0, 1, 'CountryCode', 'CountryCode', 'CountryCode', 'C', 0, 'ISO 19115', 'ISO 19115', ' ', 0);
 INSERT INTO "Schemas"."Locales"  VALUES ('Jamaica', 'jm', 'ISO 3166', NULL, 0, 1, 'CountryCode', 'CountryCode', 'CountryCode', 'C', 0, 'ISO 19115', 'ISO 19115', ' ', 0);
 INSERT INTO "Schemas"."Locales"  VALUES ('Japan', 'jp', 'ISO 3166', NULL, 0, 1, 'CountryCode', 'CountryCode', 'CountryCode', 'C', 0, 'ISO 19115', 'ISO 19115', ' ', 0);
 INSERT INTO "Schemas"."Locales"  VALUES ('Jordan', 'jo', 'ISO 3166', NULL, 0, 1, 'CountryCode', 'CountryCode', 'CountryCode', 'C', 0, 'ISO 19115', 'ISO 19115', ' ', 0);
 INSERT INTO "Schemas"."Locales"  VALUES ('Kazakhstan', 'kz', 'ISO 3166', NULL, 0, 1, 'CountryCode', 'CountryCode', 'CountryCode', 'C', 0, 'ISO 19115', 'ISO 19115', ' ', 0);
 INSERT INTO "Schemas"."Locales"  VALUES ('Armenia', 'am', 'ISO 3166', NULL, 0, 1, 'CountryCode', 'CountryCode', 'CountryCode', 'C', 0, 'ISO 19115', 'ISO 19115', ' ', 0);
 INSERT INTO "Schemas"."Locales"  VALUES ('Kenya', 'ke', 'ISO 3166', NULL, 0, 1, 'CountryCode', 'CountryCode', 'CountryCode', 'C', 0, 'ISO 19115', 'ISO 19115', ' ', 0);
 INSERT INTO "Schemas"."Locales"  VALUES ('Kiribati', 'ki', 'ISO 3166', NULL, 0, 1, 'CountryCode', 'CountryCode', 'CountryCode', 'C', 0, 'ISO 19115', 'ISO 19115', ' ', 0);
 INSERT INTO "Schemas"."Locales"  VALUES ('Democratic People''''s Republic of Korea', 'kp', 'ISO 3166', NULL, 0, 1, 'CountryCode', 'CountryCode', 'CountryCode', 'C', 0, 'ISO 19115', 'ISO 19115', ' ', 0);
 INSERT INTO "Schemas"."Locales"  VALUES ('Republic of Korea', 'kr', 'ISO 3166', NULL, 0, 1, 'CountryCode', 'CountryCode', 'CountryCode', 'C', 0, 'ISO 19115', 'ISO 19115', ' ', 0);
 INSERT INTO "Schemas"."Locales"  VALUES ('Kuwait', 'kw', 'ISO 3166', NULL, 0, 1, 'CountryCode', 'CountryCode', 'CountryCode', 'C', 0, 'ISO 19115', 'ISO 19115', ' ', 0);
 INSERT INTO "Schemas"."Locales"  VALUES ('Kyrgyzstan', 'kg', 'ISO 3166', NULL, 0, 1, 'CountryCode', 'CountryCode', 'CountryCode', 'C', 0, 'ISO 19115', 'ISO 19115', ' ', 0);
 INSERT INTO "Schemas"."Locales"  VALUES ('Lao People''''s Democratic Republic', 'la', 'ISO 3166', NULL, 0, 1, 'CountryCode', 'CountryCode', 'CountryCode', 'C', 0, 'ISO 19115', 'ISO 19115', ' ', 0);
 INSERT INTO "Schemas"."Locales"  VALUES ('Latvia', 'lv', 'ISO 3166', NULL, 0, 1, 'CountryCode', 'CountryCode', 'CountryCode', 'C', 0, 'ISO 19115', 'ISO 19115', ' ', 0);
 INSERT INTO "Schemas"."Locales"  VALUES ('Lebanon', 'lb', 'ISO 3166', NULL, 0, 1, 'CountryCode', 'CountryCode', 'CountryCode', 'C', 0, 'ISO 19115', 'ISO 19115', ' ', 0);
 INSERT INTO "Schemas"."Locales"  VALUES ('Lesotho', 'ls', 'ISO 3166', NULL, 0, 1, 'CountryCode', 'CountryCode', 'CountryCode', 'C', 0, 'ISO 19115', 'ISO 19115', ' ', 0);
 INSERT INTO "Schemas"."Locales"  VALUES ('Aruba', 'aw', 'ISO 3166', NULL, 0, 1, 'CountryCode', 'CountryCode', 'CountryCode', 'C', 0, 'ISO 19115', 'ISO 19115', ' ', 0);
 INSERT INTO "Schemas"."Locales"  VALUES ('Liberia', 'lr', 'ISO 3166', NULL, 0, 1, 'CountryCode', 'CountryCode', 'CountryCode', 'C', 0, 'ISO 19115', 'ISO 19115', ' ', 0);
 INSERT INTO "Schemas"."Locales"  VALUES ('Libyan Arab Jamahiriya', 'ly', 'ISO 3166', NULL, 0, 1, 'CountryCode', 'CountryCode', 'CountryCode', 'C', 0, 'ISO 19115', 'ISO 19115', ' ', 0);
 INSERT INTO "Schemas"."Locales"  VALUES ('Liechtenstein', 'li', 'ISO 3166', NULL, 0, 1, 'CountryCode', 'CountryCode', 'CountryCode', 'C', 0, 'ISO 19115', 'ISO 19115', ' ', 0);
 INSERT INTO "Schemas"."Locales"  VALUES ('Lithuania', 'lt', 'ISO 3166', NULL, 0, 1, 'CountryCode', 'CountryCode', 'CountryCode', 'C', 0, 'ISO 19115', 'ISO 19115', ' ', 0);
 INSERT INTO "Schemas"."Locales"  VALUES ('Luxembourg', 'lu', 'ISO 3166', NULL, 0, 1, 'CountryCode', 'CountryCode', 'CountryCode', 'C', 0, 'ISO 19115', 'ISO 19115', ' ', 0);
 INSERT INTO "Schemas"."Locales"  VALUES ('Macao', 'mo', 'ISO 3166', NULL, 0, 1, 'CountryCode', 'CountryCode', 'CountryCode', 'C', 0, 'ISO 19115', 'ISO 19115', ' ', 0);
 INSERT INTO "Schemas"."Locales"  VALUES ('The Former Yugoslav Republic of Macedonia', 'mk', 'ISO 3166', NULL, 0, 1, 'CountryCode', 'CountryCode', 'CountryCode', 'C', 0, 'ISO 19115', 'ISO 19115', ' ', 0);
 INSERT INTO "Schemas"."Locales"  VALUES ('Madagascar', 'mg', 'ISO 3166', NULL, 0, 1, 'CountryCode', 'CountryCode', 'CountryCode', 'C', 0, 'ISO 19115', 'ISO 19115', ' ', 0);
 INSERT INTO "Schemas"."Locales"  VALUES ('Malawi', 'mw', 'ISO 3166', NULL, 0, 1, 'CountryCode', 'CountryCode', 'CountryCode', 'C', 0, 'ISO 19115', 'ISO 19115', ' ', 0);
 INSERT INTO "Schemas"."Locales"  VALUES ('Malaysia', 'my', 'ISO 3166', NULL, 0, 1, 'CountryCode', 'CountryCode', 'CountryCode', 'C', 0, 'ISO 19115', 'ISO 19115', ' ', 0);
 INSERT INTO "Schemas"."Locales"  VALUES ('Australia', 'au', 'ISO 3166', NULL, 0, 1, 'CountryCode', 'CountryCode', 'CountryCode', 'C', 0, 'ISO 19115', 'ISO 19115', ' ', 0);
 INSERT INTO "Schemas"."Locales"  VALUES ('Madives', 'mv', 'ISO 3166', NULL, 0, 1, 'CountryCode', 'CountryCode', 'CountryCode', 'C', 0, 'ISO 19115', 'ISO 19115', ' ', 0);
 INSERT INTO "Schemas"."Locales"  VALUES ('Mali', 'ml', 'ISO 3166', NULL, 0, 1, 'CountryCode', 'CountryCode', 'CountryCode', 'C', 0, 'ISO 19115', 'ISO 19115', ' ', 0);
 INSERT INTO "Schemas"."Locales"  VALUES ('Malta', 'mt', 'ISO 3166', NULL, 0, 1, 'CountryCode', 'CountryCode', 'CountryCode', 'C', 0, 'ISO 19115', 'ISO 19115', ' ', 0);
 INSERT INTO "Schemas"."Locales"  VALUES ('Marshall Islands', 'mh', 'ISO 3166', NULL, 0, 1, 'CountryCode', 'CountryCode', 'CountryCode', 'C', 0, 'ISO 19115', 'ISO 19115', ' ', 0);
 INSERT INTO "Schemas"."Locales"  VALUES ('Martinique', 'mq', 'ISO 3166', NULL, 0, 1, 'CountryCode', 'CountryCode', 'CountryCode', 'C', 0, 'ISO 19115', 'ISO 19115', ' ', 0);
 INSERT INTO "Schemas"."Locales"  VALUES ('Mauritania', 'mr', 'ISO 3166', NULL, 0, 1, 'CountryCode', 'CountryCode', 'CountryCode', 'C', 0, 'ISO 19115', 'ISO 19115', ' ', 0);
 INSERT INTO "Schemas"."Locales"  VALUES ('Mauritius', 'mu', 'ISO 3166', NULL, 0, 1, 'CountryCode', 'CountryCode', 'CountryCode', 'C', 0, 'ISO 19115', 'ISO 19115', ' ', 0);
 INSERT INTO "Schemas"."Locales"  VALUES ('Mayotte', 'yt', 'ISO 3166', NULL, 0, 1, 'CountryCode', 'CountryCode', 'CountryCode', 'C', 0, 'ISO 19115', 'ISO 19115', ' ', 0);
 INSERT INTO "Schemas"."Locales"  VALUES ('Mexico', 'mx', 'ISO 3166', NULL, 0, 1, 'CountryCode', 'CountryCode', 'CountryCode', 'C', 0, 'ISO 19115', 'ISO 19115', ' ', 0);
 INSERT INTO "Schemas"."Locales"  VALUES ('Federated States of Micronesia', 'fm', 'ISO 3166', NULL, 0, 1, 'CountryCode', 'CountryCode', 'CountryCode', 'C', 0, 'ISO 19115', 'ISO 19115', ' ', 0);
 INSERT INTO "Schemas"."Locales"  VALUES ('Austria', 'at', 'ISO 3166', NULL, 0, 1, 'CountryCode', 'CountryCode', 'CountryCode', 'C', 0, 'ISO 19115', 'ISO 19115', ' ', 0);
 INSERT INTO "Schemas"."Locales"  VALUES ('Republic of Moldova', 'md', 'ISO 3166', NULL, 0, 1, 'CountryCode', 'CountryCode', 'CountryCode', 'C', 0, 'ISO 19115', 'ISO 19115', ' ', 0);
 INSERT INTO "Schemas"."Locales"  VALUES ('Monaco', 'mn', 'ISO 3166', NULL, 0, 1, 'CountryCode', 'CountryCode', 'CountryCode', 'C', 0, 'ISO 19115', 'ISO 19115', ' ', 0);
 INSERT INTO "Schemas"."Locales"  VALUES ('Montserrat', 'ms', 'ISO 3166', NULL, 0, 1, 'CountryCode', 'CountryCode', 'CountryCode', 'C', 0, 'ISO 19115', 'ISO 19115', ' ', 0);
 INSERT INTO "Schemas"."Locales"  VALUES ('Morocco', 'ma', 'ISO 3166', NULL, 0, 1, 'CountryCode', 'CountryCode', 'CountryCode', 'C', 0, 'ISO 19115', 'ISO 19115', ' ', 0);
 INSERT INTO "Schemas"."Locales"  VALUES ('Mozambique', 'mz', 'ISO 3166', NULL, 0, 1, 'CountryCode', 'CountryCode', 'CountryCode', 'C', 0, 'ISO 19115', 'ISO 19115', ' ', 0);
 INSERT INTO "Schemas"."Locales"  VALUES ('Myanmar', 'mn', 'ISO 3166', NULL, 0, 1, 'CountryCode', 'CountryCode', 'CountryCode', 'C', 0, 'ISO 19115', 'ISO 19115', ' ', 0);
 INSERT INTO "Schemas"."Locales"  VALUES ('Namibia', 'na', 'ISO 3166', NULL, 0, 1, 'CountryCode', 'CountryCode', 'CountryCode', 'C', 0, 'ISO 19115', 'ISO 19115', ' ', 0);
 INSERT INTO "Schemas"."Locales"  VALUES ('Nauru', 'nr', 'ISO 3166', NULL, 0, 1, 'CountryCode', 'CountryCode', 'CountryCode', 'C', 0, 'ISO 19115', 'ISO 19115', ' ', 0);
 INSERT INTO "Schemas"."Locales"  VALUES ('Nepal', 'np', 'ISO 3166', NULL, 0, 1, 'CountryCode', 'CountryCode', 'CountryCode', 'C', 0, 'ISO 19115', 'ISO 19115', ' ', 0);
 INSERT INTO "Schemas"."Locales"  VALUES ('Netherlands', 'nl', 'ISO 3166', NULL, 0, 1, 'CountryCode', 'CountryCode', 'CountryCode', 'C', 0, 'ISO 19115', 'ISO 19115', ' ', 0);
 INSERT INTO "Schemas"."Locales"  VALUES ('Azerbaijan', 'az', 'ISO 3166', NULL, 0, 1, 'CountryCode', 'CountryCode', 'CountryCode', 'C', 0, 'ISO 19115', 'ISO 19115', ' ', 0);
 INSERT INTO "Schemas"."Locales"  VALUES ('Netherlands Antilles', 'an', 'ISO 3166', NULL, 0, 1, 'CountryCode', 'CountryCode', 'CountryCode', 'C', 0, 'ISO 19115', 'ISO 19115', ' ', 0);
 INSERT INTO "Schemas"."Locales"  VALUES ('New Caledonia', 'nc', 'ISO 3166', NULL, 0, 1, 'CountryCode', 'CountryCode', 'CountryCode', 'C', 0, 'ISO 19115', 'ISO 19115', ' ', 0);
 INSERT INTO "Schemas"."Locales"  VALUES ('New Zealand', 'nz', 'ISO 3166', NULL, 0, 1, 'CountryCode', 'CountryCode', 'CountryCode', 'C', 0, 'ISO 19115', 'ISO 19115', ' ', 0);
 INSERT INTO "Schemas"."Locales"  VALUES ('Nicaragua', 'ni', 'ISO 3166', NULL, 0, 1, 'CountryCode', 'CountryCode', 'CountryCode', 'C', 0, 'ISO 19115', 'ISO 19115', ' ', 0);
 INSERT INTO "Schemas"."Locales"  VALUES ('Niger', 'ne', 'ISO 3166', NULL, 0, 1, 'CountryCode', 'CountryCode', 'CountryCode', 'C', 0, 'ISO 19115', 'ISO 19115', ' ', 0);
 INSERT INTO "Schemas"."Locales"  VALUES ('Nigeria', 'ng', 'ISO 3166', NULL, 0, 1, 'CountryCode', 'CountryCode', 'CountryCode', 'C', 0, 'ISO 19115', 'ISO 19115', ' ', 0);
 INSERT INTO "Schemas"."Locales"  VALUES ('Niue', 'nu', 'ISO 3166', NULL, 0, 1, 'CountryCode', 'CountryCode', 'CountryCode', 'C', 0, 'ISO 19115', 'ISO 19115', ' ', 0);
 INSERT INTO "Schemas"."Locales"  VALUES ('Norfolk Island', 'nf', 'ISO 3166', NULL, 0, 1, 'CountryCode', 'CountryCode', 'CountryCode', 'C', 0, 'ISO 19115', 'ISO 19115', ' ', 0);
 INSERT INTO "Schemas"."Locales"  VALUES ('Northern Mariana Islands', 'mp', 'ISO 3166', NULL, 0, 1, 'CountryCode', 'CountryCode', 'CountryCode', 'C', 0, 'ISO 19115', 'ISO 19115', ' ', 0);
 INSERT INTO "Schemas"."Locales"  VALUES ('Norway', 'no', 'ISO 3166', NULL, 0, 1, 'CountryCode', 'CountryCode', 'CountryCode', 'C', 0, 'ISO 19115', 'ISO 19115', ' ', 0);
 INSERT INTO "Schemas"."Locales"  VALUES ('Bahamas', 'bs', 'ISO 3166', NULL, 0, 1, 'CountryCode', 'CountryCode', 'CountryCode', 'C', 0, 'ISO 19115', 'ISO 19115', ' ', 0);
 INSERT INTO "Schemas"."Locales"  VALUES ('Oman', 'om', 'ISO 3166', NULL, 0, 1, 'CountryCode', 'CountryCode', 'CountryCode', 'C', 0, 'ISO 19115', 'ISO 19115', ' ', 0);
 INSERT INTO "Schemas"."Locales"  VALUES ('Pakistan', 'pk', 'ISO 3166', NULL, 0, 1, 'CountryCode', 'CountryCode', 'CountryCode', 'C', 0, 'ISO 19115', 'ISO 19115', ' ', 0);
 INSERT INTO "Schemas"."Locales"  VALUES ('Palau', 'pw', 'ISO 3166', NULL, 0, 1, 'CountryCode', 'CountryCode', 'CountryCode', 'C', 0, 'ISO 19115', 'ISO 19115', ' ', 0);
 INSERT INTO "Schemas"."Locales"  VALUES ('Pelestinian Territory, Ocuupied', 'ps', 'ISO 3166', NULL, 0, 1, 'CountryCode', 'CountryCode', 'CountryCode', 'C', 0, 'ISO 19115', 'ISO 19115', ' ', 0);
 INSERT INTO "Schemas"."Locales"  VALUES ('Panama', 'pa', 'ISO 3166', NULL, 0, 1, 'CountryCode', 'CountryCode', 'CountryCode', 'C', 0, 'ISO 19115', 'ISO 19115', ' ', 0);
 INSERT INTO "Schemas"."Locales"  VALUES ('Papua New Guinea', 'pg', 'ISO 3166', NULL, 0, 1, 'CountryCode', 'CountryCode', 'CountryCode', 'C', 0, 'ISO 19115', 'ISO 19115', ' ', 0);
 INSERT INTO "Schemas"."Locales"  VALUES ('Paraguay', 'py', 'ISO 3166', NULL, 0, 1, 'CountryCode', 'CountryCode', 'CountryCode', 'C', 0, 'ISO 19115', 'ISO 19115', ' ', 0);
 INSERT INTO "Schemas"."Locales"  VALUES ('Peru', 'pe', 'ISO 3166', NULL, 0, 1, 'CountryCode', 'CountryCode', 'CountryCode', 'C', 0, 'ISO 19115', 'ISO 19115', ' ', 0);
 INSERT INTO "Schemas"."Locales"  VALUES ('Philippines', 'ph', 'ISO 3166', NULL, 0, 1, 'CountryCode', 'CountryCode', 'CountryCode', 'C', 0, 'ISO 19115', 'ISO 19115', ' ', 0);
 INSERT INTO "Schemas"."Locales"  VALUES ('Pitcairn', 'pn', 'ISO 3166', NULL, 0, 1, 'CountryCode', 'CountryCode', 'CountryCode', 'C', 0, 'ISO 19115', 'ISO 19115', ' ', 0);
 INSERT INTO "Schemas"."Locales"  VALUES ('Bahrain', 'bh', 'ISO 3166', NULL, 0, 1, 'CountryCode', 'CountryCode', 'CountryCode', 'C', 0, 'ISO 19115', 'ISO 19115', ' ', 0);
 INSERT INTO "Schemas"."Locales"  VALUES ('Poland', 'pl', 'ISO 3166', NULL, 0, 1, 'CountryCode', 'CountryCode', 'CountryCode', 'C', 0, 'ISO 19115', 'ISO 19115', ' ', 0);
 INSERT INTO "Schemas"."Locales"  VALUES ('Portugal', 'pt', 'ISO 3166', NULL, 0, 1, 'CountryCode', 'CountryCode', 'CountryCode', 'C', 0, 'ISO 19115', 'ISO 19115', ' ', 0);
 INSERT INTO "Schemas"."Locales"  VALUES ('Puerto Rico', 'pr', 'ISO 3166', NULL, 0, 1, 'CountryCode', 'CountryCode', 'CountryCode', 'C', 0, 'ISO 19115', 'ISO 19115', ' ', 0);
 INSERT INTO "Schemas"."Locales"  VALUES ('Qatar', 'qa', 'ISO 3166', NULL, 0, 1, 'CountryCode', 'CountryCode', 'CountryCode', 'C', 0, 'ISO 19115', 'ISO 19115', ' ', 0);
 INSERT INTO "Schemas"."Locales"  VALUES ('Réunion', 're', 'ISO 3166', NULL, 0, 1, 'CountryCode', 'CountryCode', 'CountryCode', 'C', 0, 'ISO 19115', 'ISO 19115', ' ', 0);
 INSERT INTO "Schemas"."Locales"  VALUES ('Romania', 'ro', 'ISO 3166', NULL, 0, 1, 'CountryCode', 'CountryCode', 'CountryCode', 'C', 0, 'ISO 19115', 'ISO 19115', ' ', 0);
 INSERT INTO "Schemas"."Locales"  VALUES ('Russian Federation', 'ru', 'ISO 3166', NULL, 0, 1, 'CountryCode', 'CountryCode', 'CountryCode', 'C', 0, 'ISO 19115', 'ISO 19115', ' ', 0);
 INSERT INTO "Schemas"."Locales"  VALUES ('Rwanda', 'rw', 'ISO 3166', NULL, 0, 1, 'CountryCode', 'CountryCode', 'CountryCode', 'C', 0, 'ISO 19115', 'ISO 19115', ' ', 0);
 INSERT INTO "Schemas"."Locales"  VALUES ('Saint Helena', 'sh', 'ISO 3166', NULL, 0, 1, 'CountryCode', 'CountryCode', 'CountryCode', 'C', 0, 'ISO 19115', 'ISO 19115', ' ', 0);
 INSERT INTO "Schemas"."Locales"  VALUES ('Saint Kitts and Nevis', 'kn', 'ISO 3166', NULL, 0, 1, 'CountryCode', 'CountryCode', 'CountryCode', 'C', 0, 'ISO 19115', 'ISO 19115', ' ', 0);
 INSERT INTO "Schemas"."Locales"  VALUES ('Bangladesh', 'bd', 'ISO 3166', NULL, 0, 1, 'CountryCode', 'CountryCode', 'CountryCode', 'C', 0, 'ISO 19115', 'ISO 19115', ' ', 0);
 INSERT INTO "Schemas"."Locales"  VALUES ('Saint Lucia', 'lc', 'ISO 3166', NULL, 0, 1, 'CountryCode', 'CountryCode', 'CountryCode', 'C', 0, 'ISO 19115', 'ISO 19115', ' ', 0);
 INSERT INTO "Schemas"."Locales"  VALUES ('Saint Pierre abd Miquelon', 'pm', 'ISO 3166', NULL, 0, 1, 'CountryCode', 'CountryCode', 'CountryCode', 'C', 0, 'ISO 19115', 'ISO 19115', ' ', 0);
 INSERT INTO "Schemas"."Locales"  VALUES ('Saint Vincent and the Grenadines', 'vc', 'ISO 3166', NULL, 0, 1, 'CountryCode', 'CountryCode', 'CountryCode', 'C', 0, 'ISO 19115', 'ISO 19115', ' ', 0);
 INSERT INTO "Schemas"."Locales"  VALUES ('Samoa', 'ws', 'ISO 3166', NULL, 0, 1, 'CountryCode', 'CountryCode', 'CountryCode', 'C', 0, 'ISO 19115', 'ISO 19115', ' ', 0);
 INSERT INTO "Schemas"."Locales"  VALUES ('San Marino', 'sm', 'ISO 3166', NULL, 0, 1, 'CountryCode', 'CountryCode', 'CountryCode', 'C', 0, 'ISO 19115', 'ISO 19115', ' ', 0);
 INSERT INTO "Schemas"."Locales"  VALUES ('Sao Tome and Principe', 'st', 'ISO 3166', NULL, 0, 1, 'CountryCode', 'CountryCode', 'CountryCode', 'C', 0, 'ISO 19115', 'ISO 19115', ' ', 0);
 INSERT INTO "Schemas"."Locales"  VALUES ('Saudi Arabia', 'sa', 'ISO 3166', NULL, 0, 1, 'CountryCode', 'CountryCode', 'CountryCode', 'C', 0, 'ISO 19115', 'ISO 19115', ' ', 0);
 INSERT INTO "Schemas"."Locales"  VALUES ('Senegal', 'sn', 'ISO 3166', NULL, 0, 1, 'CountryCode', 'CountryCode', 'CountryCode', 'C', 0, 'ISO 19115', 'ISO 19115', ' ', 0);
 INSERT INTO "Schemas"."Locales"  VALUES ('Serbia and Montenegro', 'cs', 'ISO 3166', NULL, 0, 1, 'CountryCode', 'CountryCode', 'CountryCode', 'C', 0, 'ISO 19115', 'ISO 19115', ' ', 0);
 INSERT INTO "Schemas"."Locales"  VALUES ('Seychelles', 'sc', 'ISO 3166', NULL, 0, 1, 'CountryCode', 'CountryCode', 'CountryCode', 'C', 0, 'ISO 19115', 'ISO 19115', ' ', 0);
 INSERT INTO "Schemas"."Locales"  VALUES ('Barbados', 'bb', 'ISO 3166', NULL, 0, 1, 'CountryCode', 'CountryCode', 'CountryCode', 'C', 0, 'ISO 19115', 'ISO 19115', ' ', 0);
 INSERT INTO "Schemas"."Locales"  VALUES ('Sierra Leone', 'sl', 'ISO 3166', NULL, 0, 1, 'CountryCode', 'CountryCode', 'CountryCode', 'C', 0, 'ISO 19115', 'ISO 19115', ' ', 0);
 INSERT INTO "Schemas"."Locales"  VALUES ('Singapore', 'sg', 'ISO 3166', NULL, 0, 1, 'CountryCode', 'CountryCode', 'CountryCode', 'C', 0, 'ISO 19115', 'ISO 19115', ' ', 0);
 INSERT INTO "Schemas"."Locales"  VALUES ('Slovakia', 'sk', 'ISO 3166', NULL, 0, 1, 'CountryCode', 'CountryCode', 'CountryCode', 'C', 0, 'ISO 19115', 'ISO 19115', ' ', 0);
 INSERT INTO "Schemas"."Locales"  VALUES ('Slovenia', 'si', 'ISO 3166', NULL, 0, 1, 'CountryCode', 'CountryCode', 'CountryCode', 'C', 0, 'ISO 19115', 'ISO 19115', ' ', 0);
 INSERT INTO "Schemas"."Locales"  VALUES ('Solomon Islands', 'sb', 'ISO 3166', NULL, 0, 1, 'CountryCode', 'CountryCode', 'CountryCode', 'C', 0, 'ISO 19115', 'ISO 19115', ' ', 0);
 INSERT INTO "Schemas"."Locales"  VALUES ('Somalia', 'so', 'ISO 3166', NULL, 0, 1, 'CountryCode', 'CountryCode', 'CountryCode', 'C', 0, 'ISO 19115', 'ISO 19115', ' ', 0);
 INSERT INTO "Schemas"."Locales"  VALUES ('South Africa', 'za', 'ISO 3166', NULL, 0, 1, 'CountryCode', 'CountryCode', 'CountryCode', 'C', 0, 'ISO 19115', 'ISO 19115', ' ', 0);
 INSERT INTO "Schemas"."Locales"  VALUES ('South Georgia and the South Sandwich Islands', 'gs', 'ISO 3166', NULL, 0, 1, 'CountryCode', 'CountryCode', 'CountryCode', 'C', 0, 'ISO 19115', 'ISO 19115', ' ', 0);
 INSERT INTO "Schemas"."Locales"  VALUES ('Spain', 'es', 'ISO 3166', NULL, 0, 1, 'CountryCode', 'CountryCode', 'CountryCode', 'C', 0, 'ISO 19115', 'ISO 19115', ' ', 0);
 INSERT INTO "Schemas"."Locales"  VALUES ('Sri Lanka', 'lk', 'ISO 3166', NULL, 0, 1, 'CountryCode', 'CountryCode', 'CountryCode', 'C', 0, 'ISO 19115', 'ISO 19115', ' ', 0);
 INSERT INTO "Schemas"."Locales"  VALUES ('Afghanistan', 'af', 'ISO 3166', NULL, 0, 1, 'CountryCode', 'CountryCode', 'CountryCode', 'C', 0, 'ISO 19115', 'ISO 19115', ' ', 0);
 INSERT INTO "Schemas"."Locales"  VALUES ('Belarus', 'by', 'ISO 3166', NULL, 0, 1, 'CountryCode', 'CountryCode', 'CountryCode', 'C', 0, 'ISO 19115', 'ISO 19115', ' ', 0);
 INSERT INTO "Schemas"."Locales"  VALUES ('Sudan', 'sd', 'ISO 3166', NULL, 0, 1, 'CountryCode', 'CountryCode', 'CountryCode', 'C', 0, 'ISO 19115', 'ISO 19115', ' ', 0);
 INSERT INTO "Schemas"."Locales"  VALUES ('Suriname', 'sr', 'ISO 3166', NULL, 0, 1, 'CountryCode', 'CountryCode', 'CountryCode', 'C', 0, 'ISO 19115', 'ISO 19115', ' ', 0);
 INSERT INTO "Schemas"."Locales"  VALUES ('Svalbard and Jan Mayen', 'sj', 'ISO 3166', NULL, 0, 1, 'CountryCode', 'CountryCode', 'CountryCode', 'C', 0, 'ISO 19115', 'ISO 19115', ' ', 0);
 INSERT INTO "Schemas"."Locales"  VALUES ('Swaziland', 'sz', 'ISO 3166', NULL, 0, 1, 'CountryCode', 'CountryCode', 'CountryCode', 'C', 0, 'ISO 19115', 'ISO 19115', ' ', 0);
 INSERT INTO "Schemas"."Locales"  VALUES ('Sweden', 'se', 'ISO 3166', NULL, 0, 1, 'CountryCode', 'CountryCode', 'CountryCode', 'C', 0, 'ISO 19115', 'ISO 19115', ' ', 0);
 INSERT INTO "Schemas"."Locales"  VALUES ('Switzerland', 'ch', 'ISO 3166', NULL, 0, 1, 'CountryCode', 'CountryCode', 'CountryCode', 'C', 0, 'ISO 19115', 'ISO 19115', ' ', 0);
 INSERT INTO "Schemas"."Locales"  VALUES ('Syrian Arab Republic', 'sy', 'ISO 3166', NULL, 0, 1, 'CountryCode', 'CountryCode', 'CountryCode', 'C', 0, 'ISO 19115', 'ISO 19115', ' ', 0);
 INSERT INTO "Schemas"."Locales"  VALUES ('Taiwan, Province of China', 'tw', 'ISO 3166', NULL, 0, 1, 'CountryCode', 'CountryCode', 'CountryCode', 'C', 0, 'ISO 19115', 'ISO 19115', ' ', 0);
 INSERT INTO "Schemas"."Locales"  VALUES ('Tajikistan', 'tj', 'ISO 3166', NULL, 0, 1, 'CountryCode', 'CountryCode', 'CountryCode', 'C', 0, 'ISO 19115', 'ISO 19115', ' ', 0);
 INSERT INTO "Schemas"."Locales"  VALUES ('Tanzania, United Republic of', 'tz', 'ISO 3166', NULL, 0, 1, 'CountryCode', 'CountryCode', 'CountryCode', 'C', 0, 'ISO 19115', 'ISO 19115', ' ', 0);
 INSERT INTO "Schemas"."Locales"  VALUES ('Belgium', 'be', 'ISO 3166', NULL, 0, 1, 'CountryCode', 'CountryCode', 'CountryCode', 'C', 0, 'ISO 19115', 'ISO 19115', ' ', 0);
 INSERT INTO "Schemas"."Locales"  VALUES ('Thailand', 'th', 'ISO 3166', NULL, 0, 1, 'CountryCode', 'CountryCode', 'CountryCode', 'C', 0, 'ISO 19115', 'ISO 19115', ' ', 0);
 INSERT INTO "Schemas"."Locales"  VALUES ('Timor-Leste', 'tl', 'ISO 3166', NULL, 0, 1, 'CountryCode', 'CountryCode', 'CountryCode', 'C', 0, 'ISO 19115', 'ISO 19115', ' ', 0);
 INSERT INTO "Schemas"."Locales"  VALUES ('Togo', 'tg', 'ISO 3166', NULL, 0, 1, 'CountryCode', 'CountryCode', 'CountryCode', 'C', 0, 'ISO 19115', 'ISO 19115', ' ', 0);
 INSERT INTO "Schemas"."Locales"  VALUES ('Trinidad and Tobago', 'tt', 'ISO 3166', NULL, 0, 1, 'CountryCode', 'CountryCode', 'CountryCode', 'C', 0, 'ISO 19115', 'ISO 19115', ' ', 0);
 INSERT INTO "Schemas"."Locales"  VALUES ('Tunisia', 'tn', 'ISO 3166', NULL, 0, 1, 'CountryCode', 'CountryCode', 'CountryCode', 'C', 0, 'ISO 19115', 'ISO 19115', ' ', 0);
 INSERT INTO "Schemas"."Locales"  VALUES ('Turkey', 'tr', 'ISO 3166', NULL, 0, 1, 'CountryCode', 'CountryCode', 'CountryCode', 'C', 0, 'ISO 19115', 'ISO 19115', ' ', 0);
 INSERT INTO "Schemas"."Locales"  VALUES ('Turkmenistan', 'tm', 'ISO 3166', NULL, 0, 1, 'CountryCode', 'CountryCode', 'CountryCode', 'C', 0, 'ISO 19115', 'ISO 19115', ' ', 0);
 INSERT INTO "Schemas"."Locales"  VALUES ('Turks and Caicos Islands', 'tc', 'ISO 3166', NULL, 0, 1, 'CountryCode', 'CountryCode', 'CountryCode', 'C', 0, 'ISO 19115', 'ISO 19115', ' ', 0);
 INSERT INTO "Schemas"."Locales"  VALUES ('Tuvalu', 'tv', 'ISO 3166', NULL, 0, 1, 'CountryCode', 'CountryCode', 'CountryCode', 'C', 0, 'ISO 19115', 'ISO 19115', ' ', 0);
 INSERT INTO "Schemas"."Locales"  VALUES ('Uganda', 'ug', 'ISO 3166', NULL, 0, 1, 'CountryCode', 'CountryCode', 'CountryCode', 'C', 0, 'ISO 19115', 'ISO 19115', ' ', 0);
 INSERT INTO "Schemas"."Locales"  VALUES ('Belize', 'bz', 'ISO 3166', NULL, 0, 1, 'CountryCode', 'CountryCode', 'CountryCode', 'C', 0, 'ISO 19115', 'ISO 19115', ' ', 0);
 INSERT INTO "Schemas"."Locales"  VALUES ('Ukraine', 'ua', 'ISO 3166', NULL, 0, 1, 'CountryCode', 'CountryCode', 'CountryCode', 'C', 0, 'ISO 19115', 'ISO 19115', ' ', 0);
 INSERT INTO "Schemas"."Locales"  VALUES ('United Arab Emirates', 'ae', 'ISO 3166', NULL, 0, 1, 'CountryCode', 'CountryCode', 'CountryCode', 'C', 0, 'ISO 19115', 'ISO 19115', ' ', 0);
 INSERT INTO "Schemas"."Locales"  VALUES ('United Kingdom', 'gb', 'ISO 3166', NULL, 0, 1, 'CountryCode', 'CountryCode', 'CountryCode', 'C', 0, 'ISO 19115', 'ISO 19115', ' ', 0);
 INSERT INTO "Schemas"."Locales"  VALUES ('United States', 'us', 'ISO 3166', NULL, 0, 1, 'CountryCode', 'CountryCode', 'CountryCode', 'C', 0, 'ISO 19115', 'ISO 19115', ' ', 0);
 INSERT INTO "Schemas"."Locales"  VALUES ('United States Minor Outlying Islands', 'um', 'ISO 3166', NULL, 0, 1, 'CountryCode', 'CountryCode', 'CountryCode', 'C', 0, 'ISO 19115', 'ISO 19115', ' ', 0);
 INSERT INTO "Schemas"."Locales"  VALUES ('Uruguay', 'uy', 'ISO 3166', NULL, 0, 1, 'CountryCode', 'CountryCode', 'CountryCode', 'C', 0, 'ISO 19115', 'ISO 19115', ' ', 0);
 INSERT INTO "Schemas"."Locales"  VALUES ('Uzbekistan', 'uz', 'ISO 3166', NULL, 0, 1, 'CountryCode', 'CountryCode', 'CountryCode', 'C', 0, 'ISO 19115', 'ISO 19115', ' ', 0);
 INSERT INTO "Schemas"."Locales"  VALUES ('Vanuatu', 'vu', 'ISO 3166', NULL, 0, 1, 'CountryCode', 'CountryCode', 'CountryCode', 'C', 0, 'ISO 19115', 'ISO 19115', ' ', 0);
 INSERT INTO "Schemas"."Locales"  VALUES ('Venezuela', 've', 'ISO 3166', NULL, 0, 1, 'CountryCode', 'CountryCode', 'CountryCode', 'C', 0, 'ISO 19115', 'ISO 19115', ' ', 0);
 INSERT INTO "Schemas"."Locales"  VALUES ('Viet Nam', 'vn', 'ISO 3166', NULL, 0, 1, 'CountryCode', 'CountryCode', 'CountryCode', 'C', 0, 'ISO 19115', 'ISO 19115', ' ', 0);
 INSERT INTO "Schemas"."Locales"  VALUES ('Benin', 'bj', 'ISO 3166', NULL, 0, 1, 'CountryCode', 'CountryCode', 'CountryCode', 'C', 0, 'ISO 19115', 'ISO 19115', ' ', 0);
 INSERT INTO "Schemas"."Locales"  VALUES ('Virgin Islands, British', 'vg', 'ISO 3166', NULL, 0, 1, 'CountryCode', 'CountryCode', 'CountryCode', 'C', 0, 'ISO 19115', 'ISO 19115', ' ', 0);
 INSERT INTO "Schemas"."Locales"  VALUES ('Virgin Islands, U.S.', 'vi', 'ISO 3166', NULL, 0, 1, 'CountryCode', 'CountryCode', 'CountryCode', 'C', 0, 'ISO 19115', 'ISO 19115', ' ', 0);
 INSERT INTO "Schemas"."Locales"  VALUES ('Wallis and Futuna', 'wf', 'ISO 3166', NULL, 0, 1, 'CountryCode', 'CountryCode', 'CountryCode', 'C', 0, 'ISO 19115', 'ISO 19115', ' ', 0);
 INSERT INTO "Schemas"."Locales"  VALUES ('Western Sahara', 'eh', 'ISO 3166', NULL, 0, 1, 'CountryCode', 'CountryCode', 'CountryCode', 'C', 0, 'ISO 19115', 'ISO 19115', ' ', 0);
 INSERT INTO "Schemas"."Locales"  VALUES ('Yemen', 'ye', 'ISO 3166', NULL, 0, 1, 'CountryCode', 'CountryCode', 'CountryCode', 'C', 0, 'ISO 19115', 'ISO 19115', ' ', 0);
 INSERT INTO "Schemas"."Locales"  VALUES ('Zambia', 'zm', 'ISO 3166', NULL, 0, 1, 'CountryCode', 'CountryCode', 'CountryCode', 'C', 0, 'ISO 19115', 'ISO 19115', ' ', 0);
 INSERT INTO "Schemas"."Locales"  VALUES ('Zimbabwe', 'zw', 'ISO 3166', NULL, 0, 1, 'CountryCode', 'CountryCode', 'CountryCode', 'C', 0, 'ISO 19115', 'ISO 19115', ' ', 0);
 INSERT INTO "Schemas"."Locales"  VALUES ('Bermuda', 'bm', 'ISO 3166', NULL, 0, 1, 'CountryCode', 'CountryCode', 'CountryCode', 'C', 0, 'ISO 19115', 'ISO 19115', ' ', 0);
 INSERT INTO "Schemas"."Locales"  VALUES ('Bhutan', 'bt', 'ISO 3166', NULL, 0, 1, 'CountryCode', 'CountryCode', 'CountryCode', 'C', 0, 'ISO 19115', 'ISO 19115', ' ', 0);
 INSERT INTO "Schemas"."Locales"  VALUES ('Bolivia', 'bo', 'ISO 3166', NULL, 0, 1, 'CountryCode', 'CountryCode', 'CountryCode', 'C', 0, 'ISO 19115', 'ISO 19115', ' ', 0);
 INSERT INTO "Schemas"."Locales"  VALUES ('Bosnia and Herzgovina', 'ba', 'ISO 3166', NULL, 0, 1, 'CountryCode', 'CountryCode', 'CountryCode', 'C', 0, 'ISO 19115', 'ISO 19115', ' ', 0);
 INSERT INTO "Schemas"."Locales"  VALUES ('Botswana', 'bw', 'ISO 3166', NULL, 0, 1, 'CountryCode', 'CountryCode', 'CountryCode', 'C', 0, 'ISO 19115', 'ISO 19115', ' ', 0);
 INSERT INTO "Schemas"."Locales"  VALUES ('Bouvet Island', 'bv', 'ISO 3166', NULL, 0, 1, 'CountryCode', 'CountryCode', 'CountryCode', 'C', 0, 'ISO 19115', 'ISO 19115', ' ', 0);
 INSERT INTO "Schemas"."Locales"  VALUES ('Aland Islands', 'ax', 'ISO 3166', NULL, 0, 1, 'CountryCode', 'CountryCode', 'CountryCode', 'C', 0, 'ISO 19115', 'ISO 19115', ' ', 0);
 INSERT INTO "Schemas"."Locales"  VALUES ('Brazil', 'br', 'ISO 3166', NULL, 0, 1, 'CountryCode', 'CountryCode', 'CountryCode', 'C', 0, 'ISO 19115', 'ISO 19115', ' ', 0);
 INSERT INTO "Schemas"."Locales"  VALUES ('British indian ocean territory', 'io', 'ISO 3166', NULL, 0, 1, 'CountryCode', 'CountryCode', 'CountryCode', 'C', 0, 'ISO 19115', 'ISO 19115', ' ', 0);
 INSERT INTO "Schemas"."Locales"  VALUES ('Brunei Darussalam', 'bn', 'ISO 3166', NULL, 0, 1, 'CountryCode', 'CountryCode', 'CountryCode', 'C', 0, 'ISO 19115', 'ISO 19115', ' ', 0);
 INSERT INTO "Schemas"."Locales"  VALUES ('Bulgaria', 'bg', 'ISO 3166', NULL, 0, 1, 'CountryCode', 'CountryCode', 'CountryCode', 'C', 0, 'ISO 19115', 'ISO 19115', ' ', 0);
 INSERT INTO "Schemas"."Locales"  VALUES ('Burkina Faso', 'bf', 'ISO 3166', NULL, 0, 1, 'CountryCode', 'CountryCode', 'CountryCode', 'C', 0, 'ISO 19115', 'ISO 19115', ' ', 0);
 INSERT INTO "Schemas"."Locales"  VALUES ('Burundi', 'bi', 'ISO 3166', NULL, 0, 1, 'CountryCode', 'CountryCode', 'CountryCode', 'C', 0, 'ISO 19115', 'ISO 19115', ' ', 0);
 INSERT INTO "Schemas"."Locales"  VALUES ('Cambodia', 'kh', 'ISO 3166', NULL, 0, 1, 'CountryCode', 'CountryCode', 'CountryCode', 'C', 0, 'ISO 19115', 'ISO 19115', ' ', 0);
 INSERT INTO "Schemas"."Locales"  VALUES ('Cameroon', 'cm', 'ISO 3166', NULL, 0, 1, 'CountryCode', 'CountryCode', 'CountryCode', 'C', 0, 'ISO 19115', 'ISO 19115', ' ', 0);
 INSERT INTO "Schemas"."Locales"  VALUES ('Canada', 'ca', 'ISO 3166', NULL, 0, 1, 'CountryCode', 'CountryCode', 'CountryCode', 'C', 0, 'ISO 19115', 'ISO 19115', ' ', 0);
 INSERT INTO "Schemas"."Locales"  VALUES ('Cape Verde', 'cv', 'ISO 3166', NULL, 0, 1, 'CountryCode', 'CountryCode', 'CountryCode', 'C', 0, 'ISO 19115', 'ISO 19115', ' ', 0);
 INSERT INTO "Schemas"."Locales"  VALUES ('American Samoa', 'as', 'ISO 3166', NULL, 0, 1, 'CountryCode', 'CountryCode', 'CountryCode', 'C', 0, 'ISO 19115', 'ISO 19115', ' ', 0);
 INSERT INTO "Schemas"."Locales"  VALUES ('Cayman Islands', 'ky', 'ISO 3166', NULL, 0, 1, 'CountryCode', 'CountryCode', 'CountryCode', 'C', 0, 'ISO 19115', 'ISO 19115', ' ', 0);
 INSERT INTO "Schemas"."Locales"  VALUES ('Central African Republic', 'cf', 'ISO 3166', NULL, 0, 1, 'CountryCode', 'CountryCode', 'CountryCode', 'C', 0, 'ISO 19115', 'ISO 19115', ' ', 0);
 INSERT INTO "Schemas"."Locales"  VALUES ('Chad', 'td', 'ISO 3166', NULL, 0, 1, 'CountryCode', 'CountryCode', 'CountryCode', 'C', 0, 'ISO 19115', 'ISO 19115', ' ', 0);
 INSERT INTO "Schemas"."Locales"  VALUES ('Chile', 'cl', 'ISO 3166', NULL, 0, 1, 'CountryCode', 'CountryCode', 'CountryCode', 'C', 0, 'ISO 19115', 'ISO 19115', ' ', 0);
 INSERT INTO "Schemas"."Locales"  VALUES ('China', 'cn', 'ISO 3166', NULL, 0, 1, 'CountryCode', 'CountryCode', 'CountryCode', 'C', 0, 'ISO 19115', 'ISO 19115', ' ', 0);
 INSERT INTO "Schemas"."Locales"  VALUES ('Christmas Island', 'cx', 'ISO 3166', NULL, 0, 1, 'CountryCode', 'CountryCode', 'CountryCode', 'C', 0, 'ISO 19115', 'ISO 19115', ' ', 0);
 INSERT INTO "Schemas"."Locales"  VALUES ('Cocos Islands', 'cc', 'ISO 3166', NULL, 0, 1, 'CountryCode', 'CountryCode', 'CountryCode', 'C', 0, 'ISO 19115', 'ISO 19115', ' ', 0);
 INSERT INTO "Schemas"."Locales"  VALUES ('Colombia', 'co', 'ISO 3166', NULL, 0, 1, 'CountryCode', 'CountryCode', 'CountryCode', 'C', 0, 'ISO 19115', 'ISO 19115', ' ', 0);
 INSERT INTO "Schemas"."Locales"  VALUES ('Comoros', 'km', 'ISO 3166', NULL, 0, 1, 'CountryCode', 'CountryCode', 'CountryCode', 'C', 0, 'ISO 19115', 'ISO 19115', ' ', 0);
 INSERT INTO "Schemas"."Locales"  VALUES ('Congo', 'cg', 'ISO 3166', NULL, 0, 1, 'CountryCode', 'CountryCode', 'CountryCode', 'C', 0, 'ISO 19115', 'ISO 19115', ' ', 0);
 INSERT INTO "Schemas"."Locales"  VALUES ('Andorra', 'ad', 'ISO 3166', NULL, 0, 1, 'CountryCode', 'CountryCode', 'CountryCode', 'C', 0, 'ISO 19115', 'ISO 19115', ' ', 0);
 INSERT INTO "Schemas"."Locales"  VALUES ('Democratic Republic of Congo', 'cd', 'ISO 3166', NULL, 0, 1, 'CountryCode', 'CountryCode', 'CountryCode', 'C', 0, 'ISO 19115', 'ISO 19115', ' ', 0);
 INSERT INTO "Schemas"."Locales"  VALUES ('Cook Islands', 'ck', 'ISO 3166', NULL, 0, 1, 'CountryCode', 'CountryCode', 'CountryCode', 'C', 0, 'ISO 19115', 'ISO 19115', ' ', 0);
 INSERT INTO "Schemas"."Locales"  VALUES ('Costa Rica', 'cr', 'ISO 3166', NULL, 0, 1, 'CountryCode', 'CountryCode', 'CountryCode', 'C', 0, 'ISO 19115', 'ISO 19115', ' ', 0);
 INSERT INTO "Schemas"."Locales"  VALUES ('Côte d''''ivoire', 'ci', 'ISO 3166', NULL, 0, 1, 'CountryCode', 'CountryCode', 'CountryCode', 'C', 0, 'ISO 19115', 'ISO 19115', ' ', 0);
 INSERT INTO "Schemas"."Locales"  VALUES ('Croatia', 'hr', 'ISO 3166', NULL, 0, 1, 'CountryCode', 'CountryCode', 'CountryCode', 'C', 0, 'ISO 19115', 'ISO 19115', ' ', 0);
 INSERT INTO "Schemas"."Locales"  VALUES ('Cuba', 'cu', 'ISO 3166', NULL, 0, 1, 'CountryCode', 'CountryCode', 'CountryCode', 'C', 0, 'ISO 19115', 'ISO 19115', ' ', 0);
 INSERT INTO "Schemas"."Locales"  VALUES ('Cyprus', 'cy', 'ISO 3166', NULL, 0, 1, 'CountryCode', 'CountryCode', 'CountryCode', 'C', 0, 'ISO 19115', 'ISO 19115', ' ', 0);
 INSERT INTO "Schemas"."Locales"  VALUES ('Czech Republic', 'cz', 'ISO 3166', NULL, 0, 1, 'CountryCode', 'CountryCode', 'CountryCode', 'C', 0, 'ISO 19115', 'ISO 19115', ' ', 0);
 INSERT INTO "Schemas"."Locales"  VALUES ('Denmark', 'dk', 'ISO 3166', NULL, 0, 1, 'CountryCode', 'CountryCode', 'CountryCode', 'C', 0, 'ISO 19115', 'ISO 19115', ' ', 0);
 INSERT INTO "Schemas"."Locales"  VALUES ('Djibouti', 'dj', 'ISO 3166', NULL, 0, 1, 'CountryCode', 'CountryCode', 'CountryCode', 'C', 0, 'ISO 19115', 'ISO 19115', ' ', 0);
 INSERT INTO "Schemas"."Locales"  VALUES ('Angola', 'ao', 'ISO 3166', NULL, 0, 1, 'CountryCode', 'CountryCode', 'CountryCode', 'C', 0, 'ISO 19115', 'ISO 19115', ' ', 0);
 INSERT INTO "Schemas"."Locales"  VALUES ('Dominica', 'dm', 'ISO 3166', NULL, 0, 1, 'CountryCode', 'CountryCode', 'CountryCode', 'C', 0, 'ISO 19115', 'ISO 19115', ' ', 0);
 INSERT INTO "Schemas"."Locales"  VALUES ('Dominican Republic', 'do', 'ISO 3166', NULL, 0, 1, 'CountryCode', 'CountryCode', 'CountryCode', 'C', 0, 'ISO 19115', 'ISO 19115', ' ', 0);
 INSERT INTO "Schemas"."Locales"  VALUES ('Ecudaor', 'ec', 'ISO 3166', NULL, 0, 1, 'CountryCode', 'CountryCode', 'CountryCode', 'C', 0, 'ISO 19115', 'ISO 19115', ' ', 0);
 INSERT INTO "Schemas"."Locales"  VALUES ('Egypt', 'eg', 'ISO 3166', NULL, 0, 1, 'CountryCode', 'CountryCode', 'CountryCode', 'C', 0, 'ISO 19115', 'ISO 19115', ' ', 0);
 INSERT INTO "Schemas"."Locales"  VALUES ('El Salvador', 'sv', 'ISO 3166', NULL, 0, 1, 'CountryCode', 'CountryCode', 'CountryCode', 'C', 0, 'ISO 19115', 'ISO 19115', ' ', 0);
 INSERT INTO "Schemas"."Locales"  VALUES ('Equatorial Guinea', 'gq', 'ISO 3166', NULL, 0, 1, 'CountryCode', 'CountryCode', 'CountryCode', 'C', 0, 'ISO 19115', 'ISO 19115', ' ', 0);
 INSERT INTO "Schemas"."Locales"  VALUES ('Eritrea', 'er', 'ISO 3166', NULL, 0, 1, 'CountryCode', 'CountryCode', 'CountryCode', 'C', 0, 'ISO 19115', 'ISO 19115', ' ', 0);
 INSERT INTO "Schemas"."Locales"  VALUES ('Estonia', 'ee', 'ISO 3166', NULL, 0, 1, 'CountryCode', 'CountryCode', 'CountryCode', 'C', 0, 'ISO 19115', 'ISO 19115', ' ', 0);
 INSERT INTO "Schemas"."Locales"  VALUES ('Ethiopia', 'et', 'ISO 3166', NULL, 0, 1, 'CountryCode', 'CountryCode', 'CountryCode', 'C', 0, 'ISO 19115', 'ISO 19115', ' ', 0);
 INSERT INTO "Schemas"."Locales"  VALUES ('Falkland Islands', 'fk', 'ISO 3166', NULL, 0, 1, 'CountryCode', 'CountryCode', 'CountryCode', 'C', 0, 'ISO 19115', 'ISO 19115', ' ', 0);
 INSERT INTO "Schemas"."Locales"  VALUES ('Anguilla', 'ai', 'ISO 3166', NULL, 0, 1, 'CountryCode', 'CountryCode', 'CountryCode', 'C', 0, 'ISO 19115', 'ISO 19115', ' ', 0);
 INSERT INTO "Schemas"."Locales"  VALUES ('Faroe Islands', 'fo', 'ISO 3166', NULL, 0, 1, 'CountryCode', 'CountryCode', 'CountryCode', 'C', 0, 'ISO 19115', 'ISO 19115', ' ', 0);
 INSERT INTO "Schemas"."Locales"  VALUES ('Fiji', 'fj', 'ISO 3166', NULL, 0, 1, 'CountryCode', 'CountryCode', 'CountryCode', 'C', 0, 'ISO 19115', 'ISO 19115', ' ', 0);
 INSERT INTO "Schemas"."Locales"  VALUES ('Finland', 'fi', 'ISO 3166', NULL, 0, 1, 'CountryCode', 'CountryCode', 'CountryCode', 'C', 0, 'ISO 19115', 'ISO 19115', ' ', 0);
 INSERT INTO "Schemas"."Locales"  VALUES ('France', 'fr', 'ISO 3166', NULL, 0, 1, 'CountryCode', 'CountryCode', 'CountryCode', 'C', 0, 'ISO 19115', 'ISO 19115', ' ', 0);
 INSERT INTO "Schemas"."Locales"  VALUES ('French Guiana', 'gf', 'ISO 3166', NULL, 0, 1, 'CountryCode', 'CountryCode', 'CountryCode', 'C', 0, 'ISO 19115', 'ISO 19115', ' ', 0);
 INSERT INTO "Schemas"."Locales"  VALUES ('French Polynesia', 'pf', 'ISO 3166', NULL, 0, 1, 'CountryCode', 'CountryCode', 'CountryCode', 'C', 0, 'ISO 19115', 'ISO 19115', ' ', 0);
 INSERT INTO "Schemas"."Locales"  VALUES ('French Southern Territories', 'tf', 'ISO 3166', NULL, 0, 1, 'CountryCode', 'CountryCode', 'CountryCode', 'C', 0, 'ISO 19115', 'ISO 19115', ' ', 0);
 INSERT INTO "Schemas"."Locales"  VALUES ('Gabon', 'ga', 'ISO 3166', NULL, 0, 1, 'CountryCode', 'CountryCode', 'CountryCode', 'C', 0, 'ISO 19115', 'ISO 19115', ' ', 0);
 INSERT INTO "Schemas"."Locales"  VALUES ('Gambia', 'gm', 'ISO 3166', NULL, 0, 1, 'CountryCode', 'CountryCode', 'CountryCode', 'C', 0, 'ISO 19115', 'ISO 19115', ' ', 0);
 INSERT INTO "Schemas"."Locales"  VALUES ('Georgia', 'ge', 'ISO 3166', NULL, 0, 1, 'CountryCode', 'CountryCode', 'CountryCode', 'C', 0, 'ISO 19115', 'ISO 19115', ' ', 0);
 INSERT INTO "Schemas"."Locales"  VALUES ('Antartica', 'aq', 'ISO 3166', NULL, 0, 1, 'CountryCode', 'CountryCode', 'CountryCode', 'C', 0, 'ISO 19115', 'ISO 19115', ' ', 0);
 INSERT INTO "Schemas"."Locales"  VALUES ('Germany', 'de', 'ISO 3166', NULL, 0, 1, 'CountryCode', 'CountryCode', 'CountryCode', 'C', 0, 'ISO 19115', 'ISO 19115', ' ', 0);
 INSERT INTO "Schemas"."Locales"  VALUES ('Ghana', 'gh', 'ISO 3166', NULL, 0, 1, 'CountryCode', 'CountryCode', 'CountryCode', 'C', 0, 'ISO 19115', 'ISO 19115', ' ', 0);
 INSERT INTO "Schemas"."Locales"  VALUES ('Gibraltar', 'gi', 'ISO 3166', NULL, 0, 1, 'CountryCode', 'CountryCode', 'CountryCode', 'C', 0, 'ISO 19115', 'ISO 19115', ' ', 0);
 INSERT INTO "Schemas"."Locales"  VALUES ('Greece', 'gr', 'ISO 3166', NULL, 0, 1, 'CountryCode', 'CountryCode', 'CountryCode', 'C', 0, 'ISO 19115', 'ISO 19115', ' ', 0);
 INSERT INTO "Schemas"."Locales"  VALUES ('Greenland', 'gl', 'ISO 3166', NULL, 0, 1, 'CountryCode', 'CountryCode', 'CountryCode', 'C', 0, 'ISO 19115', 'ISO 19115', ' ', 0);
 INSERT INTO "Schemas"."Locales"  VALUES ('Grenada', 'gd', 'ISO 3166', NULL, 0, 1, 'CountryCode', 'CountryCode', 'CountryCode', 'C', 0, 'ISO 19115', 'ISO 19115', ' ', 0);
 INSERT INTO "Schemas"."Locales"  VALUES ('Guadeloupe', 'gp', 'ISO 3166', NULL, 0, 1, 'CountryCode', 'CountryCode', 'CountryCode', 'C', 0, 'ISO 19115', 'ISO 19115', ' ', 0);
 INSERT INTO "Schemas"."Locales"  VALUES ('Guam', 'gu', 'ISO 3166', NULL, 0, 1, 'CountryCode', 'CountryCode', 'CountryCode', 'C', 0, 'ISO 19115', 'ISO 19115', ' ', 0);
 INSERT INTO "Schemas"."Locales"  VALUES ('Guatemala', 'gt', 'ISO 3166', NULL, 0, 1, 'CountryCode', 'CountryCode', 'CountryCode', 'C', 0, 'ISO 19115', 'ISO 19115', ' ', 0);
 INSERT INTO "Schemas"."Locales"  VALUES ('Guinea', 'gn', 'ISO 3166', NULL, 0, 1, 'CountryCode', 'CountryCode', 'CountryCode', 'C', 0, 'ISO 19115', 'ISO 19115', ' ', 0);
 INSERT INTO "Schemas"."Locales"  VALUES ('Antigua and barbuda', 'ag', 'ISO 3166', NULL, 0, 1, 'CountryCode', 'CountryCode', 'CountryCode', 'C', 0, 'ISO 19115', 'ISO 19115', ' ', 0);
 INSERT INTO "Schemas"."Locales"  VALUES ('Guinea-Bissau', 'gw', 'ISO 3166', NULL, 0, 1, 'CountryCode', 'CountryCode', 'CountryCode', 'C', 0, 'ISO 19115', 'ISO 19115', ' ', 0);
 INSERT INTO "Schemas"."Locales"  VALUES ('Guyana', 'gy', 'ISO 3166', NULL, 0, 1, 'CountryCode', 'CountryCode', 'CountryCode', 'C', 0, 'ISO 19115', 'ISO 19115', ' ', 0);
 INSERT INTO "Schemas"."Locales"  VALUES ('Haiti', 'ht', 'ISO 3166', NULL, 0, 1, 'CountryCode', 'CountryCode', 'CountryCode', 'C', 0, 'ISO 19115', 'ISO 19115', ' ', 0);
 INSERT INTO "Schemas"."Locales"  VALUES ('Heard Island and McDonald Islands', 'hm', 'ISO 3166', NULL, 0, 1, 'CountryCode', 'CountryCode', 'CountryCode', 'C', 0, 'ISO 19115', 'ISO 19115', ' ', 0);
 INSERT INTO "Schemas"."Locales"  VALUES ('Holy See', 'va', 'ISO 3166', NULL, 0, 1, 'CountryCode', 'CountryCode', 'CountryCode', 'C', 0, 'ISO 19115', 'ISO 19115', ' ', 0);
 INSERT INTO "Schemas"."Locales"  VALUES ('Honduras', 'hn', 'ISO 3166', NULL, 0, 1, 'CountryCode', 'CountryCode', 'CountryCode', 'C', 0, 'ISO 19115', 'ISO 19115', ' ', 0);
 INSERT INTO "Schemas"."Locales"  VALUES ('Hong Kong', 'hk', 'ISO 3166', NULL, 0, 1, 'CountryCode', 'CountryCode', 'CountryCode', 'C', 0, 'ISO 19115', 'ISO 19115', ' ', 0);
 INSERT INTO "Schemas"."Locales"  VALUES ('Hungary', 'hu', 'ISO 3166', NULL, 0, 1, 'CountryCode', 'CountryCode', 'CountryCode', 'C', 0, 'ISO 19115', 'ISO 19115', ' ', 0);
 INSERT INTO "Schemas"."Locales"  VALUES ('Iceland', 'is', 'ISO 3166', NULL, 0, 1, 'CountryCode', 'CountryCode', 'CountryCode', 'C', 0, 'ISO 19115', 'ISO 19115', ' ', 0);
 INSERT INTO "Schemas"."Locales"  VALUES ('India', 'in', 'ISO 3166', NULL, 0, 1, 'CountryCode', 'CountryCode', 'CountryCode', 'C', 0, 'ISO 19115', 'ISO 19115', ' ', 0);

 INSERT INTO "Schemas"."Classes"  VALUES ('CI_Address', 'Address', 'ISO 19115', 'CI_Address', 0, NULL, NULL, ' ');
 INSERT INTO "Schemas"."Properties"  VALUES ('deliveryPoint', 'delPoint', 'ISO 19115', 'Delivery point', 0, 2147483647, 'CI_Address', 'CharacterString', NULL, 'O', 1, 'ISO 19103', 'ISO 19115', ' ');
 INSERT INTO "Schemas"."Properties"  VALUES ('city', 'city', 'ISO 19115', 'City', 0, 1, 'CI_Address', 'CharacterString', NULL, 'O', 2, 'ISO 19103', 'ISO 19115', ' ');
 INSERT INTO "Schemas"."Properties"  VALUES ('administrativeArea', 'adminArea', 'ISO 19115', 'Administrative area', 0, 1, 'CI_Address', 'CharacterString', NULL, 'O', 3, 'ISO 19103', 'ISO 19115', ' ');
 INSERT INTO "Schemas"."Properties"  VALUES ('postalCode', 'postCode', 'ISO 19115', 'Postal code', 0, 1, 'CI_Address', 'CharacterString', NULL, 'O', 4, 'ISO 19103', 'ISO 19115', ' ');
 INSERT INTO "Schemas"."Properties"  VALUES ('country', 'country', 'ISO 19115', 'Country', 0, 1, 'CI_Address', NULL, 'CountryCode', 'O', 5, 'ISO 19115', 'ISO 19115', ' ');
 INSERT INTO "Schemas"."Properties"  VALUES ('electronicMailAddress', 'eMailAdd', 'ISO 19115', 'Email', 0, 2147483647, 'CI_Address', 'CharacterString', NULL, 'O', 6, 'ISO 19103', 'ISO 19115', ' ');

 INSERT INTO "Schemas"."Classes"  VALUES ('CI_Telephone', 'Telephone', 'ISO 19115', 'CI_Telephone', 0, NULL, NULL, ' ');
 INSERT INTO "Schemas"."Properties"  VALUES ('voice', 'voiceNum', 'ISO 19115', 'Voice telephone', 0, 2147483647, 'CI_Telephone', 'CharacterString', NULL, 'O', 1, 'ISO 19103', 'ISO 19115', ' ');
 INSERT INTO "Schemas"."Properties"  VALUES ('facsimile', 'faxNum', 'ISO 19115', 'Facsimile', 0, 2147483647, 'CI_Telephone', 'CharacterString', NULL, 'O', 2, 'ISO 19103', 'ISO 19115', ' ');

 INSERT INTO "Schemas"."Classes"  VALUES ('CI_OnlineResource', 'OnLineRes', 'ISO 19115', 'CI_OnlineResource', 0, NULL, NULL, ' ');
 INSERT INTO "Schemas"."Properties"  VALUES ('linkage', 'linkage', 'ISO 19115', 'Access for on-line address', 1, 1, 'CI_OnlineResource', 'URL', NULL, 'M', 1, 'ISO 19103', 'ISO 19115', ' ');
 INSERT INTO "Schemas"."Properties"  VALUES ('protocol', 'protocol', 'ISO 19115', 'Connection protocol', 0, 1, 'CI_OnlineResource', 'CharacterString', NULL, 'O', 2, 'ISO 19103', 'ISO 19115', ' ');
 INSERT INTO "Schemas"."Properties"  VALUES ('applicationProfile', 'appProfile', 'ISO 19115', 'Name of an application profile', 0, 1, 'CI_OnlineResource', 'CharacterString', NULL, 'O', 3, 'ISO 19103', 'ISO 19115', ' ');
 INSERT INTO "Schemas"."Properties"  VALUES ('name', 'orName', 'ISO 19115', 'Name of the online resource', 0, 1, 'CI_OnlineResource', 'CharacterString', NULL, 'O', 4, 'ISO 19103', 'ISO 19115', ' ');
 INSERT INTO "Schemas"."Properties"  VALUES ('description', 'orDesc', 'ISO 19115', 'Description of online resource', 0, 1, 'CI_OnlineResource', 'CharacterString', NULL, 'O', 5, 'ISO 19103', 'ISO 19115', ' ');
 INSERT INTO "Schemas"."Properties"  VALUES ('function', 'orFunct', 'ISO 19115', 'Function performed by the on-line resource', 0, 1, 'CI_OnlineResource', NULL, 'CI_OnLineFunctionCode', 'O', 6, 'ISO 19115', 'ISO 19115', ' ');

 INSERT INTO "Schemas"."Classes"  VALUES ('CI_Contact', 'Contact', 'ISO 19115', 'CI_Contact', 0, NULL, NULL, ' ');
 INSERT INTO "Schemas"."Properties"  VALUES ('phone', 'cntPhone', 'ISO 19115', 'Phone', 0, 1, 'CI_Contact', 'CI_Telephone', NULL, 'O', 1, 'ISO 19115', 'ISO 19115', ' ');
 INSERT INTO "Schemas"."Properties"  VALUES ('address', 'cntAddress', 'ISO 19115', 'Address of the responsible party', 0, 1, 'CI_Contact', 'CI_Address', NULL, 'O', 2, 'ISO 19115', 'ISO 19115', ' ');
 INSERT INTO "Schemas"."Properties"  VALUES ('onlineResource', 'cntOnlineRes', 'ISO 19115', 'On line resource to provide informations about responsible party', 0, 1, 'CI_Contact', 'CI_OnlineResource', NULL, 'O', 3, 'ISO 19115', 'ISO 19115', ' ');
 INSERT INTO "Schemas"."Properties"  VALUES ('hoursOfService', 'cntHours', 'ISO 19115', 'Hours of service', 0, 1, 'CI_Contact', 'CharacterString', NULL, 'O', 4, 'ISO 19103', 'ISO 19115', ' ');
 INSERT INTO "Schemas"."Properties"  VALUES ('contactInstructions', 'cntInstr', 'ISO 19115', 'Contact instructions', 0, 1, 'CI_Contact', 'CharacterString', NULL, 'O', 5, 'ISO 19103', 'ISO 19115', ' ');

 INSERT INTO "Schemas"."Classes"  VALUES ('CI_ResponsibleParty', 'RespParty', 'ISO 19115', 'CI_ResponsibleParty', 0, NULL, NULL, ' ');
 INSERT INTO "Schemas"."Properties"  VALUES ('individualName', 'rpIndName', 'ISO 19115', 'Individual name of the responsible party', 0, 1, 'CI_ResponsibleParty', 'CharacterString', NULL, 'C', 1, 'ISO 19103', 'ISO 19115', ' ');
 INSERT INTO "Schemas"."Properties"  VALUES ('organisationName', 'rpOrgName', 'ISO 19115', 'Name of the responsible organisation', 0, 1, 'CI_ResponsibleParty', 'CharacterString', NULL, 'C', 2, 'ISO 19103', 'ISO 19115', ' ');
 INSERT INTO "Schemas"."Properties"  VALUES ('positionName', 'rpPosName', 'ISO 19115', 'Position or role of the responsible party', 0, 1, 'CI_ResponsibleParty', 'CharacterString', NULL, 'C', 3, 'ISO 19103', 'ISO 19115', ' ');
 INSERT INTO "Schemas"."Properties"  VALUES ('contactInfo', 'rpCntInfo', 'ISO 19115', 'Informations about the custodian party of the dataset', 0, 1, 'CI_ResponsibleParty', 'CI_Contact', NULL, 'O', 4, 'ISO 19115', 'ISO 19115', ' ');
 INSERT INTO "Schemas"."Properties"  VALUES ('role', 'role', 'ISO 19115', 'Role of the responsible party', 1, 1, 'CI_ResponsibleParty', NULL, 'CI_RoleCode', 'M', 5, 'ISO 19115', 'ISO 19115', ' ');

 INSERT INTO "Schemas"."Classes"  VALUES ('SimpleLink', NULL, 'Xlink', NULL, 0, NULL, NULL, ' ');
 INSERT INTO "Schemas"."Properties"  VALUES ('name', NULL, 'Xlink', NULL, 0, 1, 'SimpleLink', 'CharacterString', NULL, 'O', 0, 'ISO 19103', 'Xlink', ' ');
 INSERT INTO "Schemas"."Properties"  VALUES ('href', NULL, 'Xlink', NULL, 0, 1, 'SimpleLink', 'CharacterString', NULL, 'O', 1, 'ISO 19103', 'Xlink', 'P');
 INSERT INTO "Schemas"."Properties"  VALUES ('role', NULL, 'Xlink', NULL, 0, 1, 'SimpleLink', 'CharacterString', NULL, 'O', 2, 'ISO 19103', 'Xlink', ' ');
 INSERT INTO "Schemas"."Properties"  VALUES ('arcrole', NULL, 'Xlink', NULL, 0, 1, 'SimpleLink', 'CharacterString', NULL, 'O', 3, 'ISO 19103', 'Xlink', ' ');
 INSERT INTO "Schemas"."Properties"  VALUES ('title', NULL, 'Xlink', NULL, 0, 1, 'SimpleLink', 'CharacterString', NULL, 'O', 4, 'ISO 19103', 'Xlink', ' ');
 INSERT INTO "Schemas"."Properties"  VALUES ('actuate', NULL, 'Xlink', NULL, 0, 1, 'SimpleLink', 'CharacterString', NULL, 'O', 5, 'ISO 19103', 'Xlink', ' ');

 INSERT INTO "Schemas"."Classes"  VALUES ('DirectPosition', NULL, 'ISO 19108', NULL, 0, NULL, NULL, ' ');
 INSERT INTO "Schemas"."Properties"  VALUES ('srsDimension', NULL, 'ISO 19108', NULL, 0, 1, 'DirectPosition', 'Integer', NULL, 'O', 1, 'ISO 19103', 'ISO 19108', 'P');
 INSERT INTO "Schemas"."Properties"  VALUES ('srsName', NULL, 'ISO 19108', NULL, 0, 1, 'DirectPosition', 'CharacterString', NULL, 'O', 3, 'ISO 19103', 'ISO 19108', 'P');
 INSERT INTO "Schemas"."Properties"  VALUES ('value', NULL, 'ISO 19108', NULL, 0, 1, 'DirectPosition', 'Double', NULL, 'O', 2, 'ISO 19103', 'ISO 19108', 'V');
 INSERT INTO "Schemas"."Properties"  VALUES('axisLabels', NULL, 'ISO 19108', NULL, 0, 2147483647,'DirectPosition','CharacterString', NULL, 'O',3 , 'ISO 19103','ISO 19108', ' ');
 INSERT INTO "Schemas"."Properties"  VALUES('uomLabels', NULL, 'ISO 19108', NULL, 0, 2147483647,'DirectPosition','CharacterString', NULL, 'O',4 , 'ISO 19103','ISO 19108', ' ');

 INSERT INTO "Schemas"."Classes"  VALUES ('Point', NULL, 'ISO 19108', 'A Point is defined by a single coordinate tuple.', 0, NULL, NULL, ' ');
 INSERT INTO "Schemas"."Properties"  VALUES ('id', NULL, 'ISO 19108', NULL, 0, 1, 'Point', 'ID', NULL, 'O', 1, 'ISO 19103', 'ISO 19108', 'C');
 INSERT INTO "Schemas"."Properties"  VALUES ('pos', NULL, 'ISO 19108', NULL, 0, 1, 'Point', 'DirectPosition', NULL, 'O', 2, 'ISO 19108', 'ISO 19108', ' ');

 INSERT INTO "Schemas"."Classes"  VALUES ('TemporalCSRef', NULL, 'ISO 19108', NULL, 0, NULL, NULL, ' ');
 INSERT INTO "Schemas"."Properties"  VALUES ('temporalCS', NULL, 'ISO 19108', NULL, 0, 1, 'TemporalCSRef', 'CharacterString', NULL, 'O', 0, 'ISO 19103', 'ISO 19108', ' ');
 INSERT INTO "Schemas"."Properties"  VALUES ('href', NULL, 'Xlink', NULL, 0, 1, 'TemporalCSRef', 'CharacterString', NULL, 'O', 1, 'ISO 19103', 'ISO 19108', 'P');
 INSERT INTO "Schemas"."Properties"  VALUES ('role', NULL, 'Xlink', NULL, 0, 1, 'TemporalCSRef', 'CharacterString', NULL, 'O', 2, 'ISO 19103', 'ISO 19108', ' ');
 INSERT INTO "Schemas"."Properties"  VALUES ('arcrole', NULL, 'Xlink', NULL, 0, 1, 'TemporalCSRef', 'CharacterString', NULL, 'O', 3, 'ISO 19103', 'ISO 19108', ' ');
 INSERT INTO "Schemas"."Properties"  VALUES ('title', NULL, 'Xlink', NULL, 0, 1, 'TemporalCSRef', 'CharacterString', NULL, 'O', 4, 'ISO 19103', 'ISO 19108', ' ');
 INSERT INTO "Schemas"."Properties"  VALUES ('actuate', NULL, 'Xlink', NULL, 0, 1, 'TemporalCSRef', 'CharacterString', NULL, 'O', 5, 'ISO 19103', 'ISO 19108', ' ');

 INSERT INTO "Schemas"."Classes"  VALUES ('TemporalDatum', NULL, 'ISO 19108', NULL, 0, NULL, NULL, ' ');
 INSERT INTO "Schemas"."Properties"  VALUES ('origin', NULL, 'ISO 19108', NULL, 0, 1, 'TemporalDatum', 'DateTime', NULL, 'O', 1, 'ISO 19108', 'ISO 19108', ' ');

 INSERT INTO "Schemas"."Classes"  VALUES ('TemporalDatumRef', NULL, 'ISO 19108', NULL, 0, NULL, NULL, ' ');
 INSERT INTO "Schemas"."Properties"  VALUES ('temporalDatum', NULL, 'ISO 19108', NULL, 0, 1, 'TemporalDatumRef', 'TemporalDatum', NULL, 'O', 0, 'ISO 19108', 'ISO 19108', ' ');
 INSERT INTO "Schemas"."Properties"  VALUES ('href', NULL, 'Xlink', NULL, 0, 1, 'TemporalDatumRef', 'CharacterString', NULL, 'O', 1, 'ISO 19103', 'ISO 19108', 'P');
 INSERT INTO "Schemas"."Properties"  VALUES ('role', NULL, 'Xlink', NULL, 0, 1, 'TemporalDatumRef', 'CharacterString', NULL, 'O', 2, 'ISO 19103', 'ISO 19108', ' ');
 INSERT INTO "Schemas"."Properties"  VALUES ('arcrole', NULL, 'Xlink', NULL, 0, 1, 'TemporalDatumRef', 'CharacterString', NULL, 'O', 3, 'ISO 19103', 'ISO 19108', ' ');
 INSERT INTO "Schemas"."Properties"  VALUES ('title', NULL, 'Xlink', NULL, 0, 1, 'TemporalDatumRef', 'CharacterString', NULL, 'O', 4, 'ISO 19103', 'ISO 19108', ' ');
 INSERT INTO "Schemas"."Properties"  VALUES ('actuate', NULL, 'Xlink', NULL, 0, 1, 'TemporalDatumRef', 'CharacterString', NULL, 'O', 5, 'ISO 19103', 'ISO 19108', ' ');

 INSERT INTO "Schemas"."Classes"  VALUES ('TemporalCRS', NULL, 'ISO 19108', NULL, 0, NULL, NULL, ' ');
 INSERT INTO "Schemas"."Properties"  VALUES ('srsName', NULL, 'ISO 19108', NULL, 0, 1, 'TemporalCRS', 'CharacterString', NULL, 'O', 1, 'ISO 19103', 'ISO 19108', ' ');
 INSERT INTO "Schemas"."Properties"  VALUES ('usesTemporalCS', NULL, 'ISO 19108', NULL, 0, 1, 'TemporalCRS', 'TemporalCSRef', NULL, 'O', 2, 'ISO 19108', 'ISO 19108', ' ');
 INSERT INTO "Schemas"."Properties"  VALUES ('usesTemporalDatum', NULL, 'ISO 19108', NULL, 0, 1, 'TemporalCRS', 'TemporalDatumRef', NULL, 'O', 3, 'ISO 19108', 'ISO 19108', ' ');
 INSERT INTO "Schemas"."Properties"  VALUES ('id', NULL, 'ISO 19108', NULL, 0, 1, 'TemporalCRS', 'ID', NULL, 'O', 0, 'ISO 19103', 'ISO 19108', 'C');

 INSERT INTO "Schemas"."Classes"  VALUES ('CodeType', NULL, 'ISO 19108', NULL, 0, NULL, NULL, ' ');
 INSERT INTO "Schemas"."Properties"  VALUES ('codeSpace', NULL, 'ISO 19108', NULL, 0, 1, 'CodeType', 'CharacterString', NULL, 'O', 0, 'ISO 19103', 'ISO 19108', ' ');
 INSERT INTO "Schemas"."Properties"  VALUES ('value', NULL, 'ISO 19108', NULL, 0, 1, 'CodeType', 'CodeType', NULL, 'O', 1, 'ISO 19108', 'ISO 19108', ' ');

 INSERT INTO "Schemas"."Classes"  VALUES ('EngineeringDatum', NULL, 'ISO 19108', NULL, 0, NULL, NULL, ' ');
 INSERT INTO "Schemas"."Properties"  VALUES ('id', NULL, 'ISO 19108', NULL, 0, 1, 'EngineeringDatum', 'ID', NULL, 'O', 0, 'ISO 19103', 'ISO 19108', 'C');
 INSERT INTO "Schemas"."Properties"  VALUES ('datumName', NULL, 'ISO 19108', NULL, 0, 1, 'EngineeringDatum', 'CharacterString', NULL, 'O', 1, 'ISO 19103', 'ISO 19108', ' ');
 INSERT INTO "Schemas"."Properties"  VALUES ('anchorPoint', NULL, 'ISO 19108', NULL, 0, 1, 'EngineeringDatum', 'CodeType', NULL, 'O', 2, 'ISO 19108', 'ISO 19108', ' ');

 INSERT INTO "Schemas"."Classes"  VALUES ('EngineeringDatumRef', NULL, 'ISO 19108', NULL, 0, NULL, NULL, ' ');
 INSERT INTO "Schemas"."Properties"  VALUES ('engineeringDatum', NULL, 'ISO 19108', NULL, 0, 1, 'EngineeringDatumRef', 'EngineeringDatum', NULL, 'O', 0, 'ISO 19108', 'ISO 19108', ' ');
 INSERT INTO "Schemas"."Properties"  VALUES ('href', NULL, 'Xlink', NULL, 0, 1, 'EngineeringDatumRef', 'CharacterString', NULL, 'O', 1, 'ISO 19103', 'ISO 19108', 'P');
 INSERT INTO "Schemas"."Properties"  VALUES ('role', NULL, 'Xlink', NULL, 0, 1, 'EngineeringDatumRef', 'CharacterString', NULL, 'O', 2, 'ISO 19103', 'ISO 19108', ' ');
 INSERT INTO "Schemas"."Properties"  VALUES ('arcrole', NULL, 'Xlink', NULL, 0, 1, 'EngineeringDatumRef', 'CharacterString', NULL, 'O', 3, 'ISO 19103', 'ISO 19108', ' ');
 INSERT INTO "Schemas"."Properties"  VALUES ('title', NULL, 'Xlink', NULL, 0, 1, 'EngineeringDatumRef', 'CharacterString', NULL, 'O', 4, 'ISO 19103', 'ISO 19108', ' ');
 INSERT INTO "Schemas"."Properties"  VALUES ('actuate', NULL, 'Xlink', NULL, 0, 1, 'EngineeringDatumRef', 'CharacterString', NULL, 'O', 5, 'ISO 19103', 'ISO 19108', ' ');


 INSERT INTO "Schemas"."Classes"  VALUES ('CoordinateSystemRef', NULL, 'ISO 19108', NULL, 0, NULL, NULL, ' ');
 INSERT INTO "Schemas"."Properties"  VALUES ('coordinateSystem', NULL, 'ISO 19108', NULL, 0, 1, 'CoordinateSystemRef', 'CharacterString', NULL, 'O', 0, 'ISO 19103', 'ISO 19108', ' ');
 INSERT INTO "Schemas"."Properties"  VALUES ('href', NULL, 'Xlink', NULL, 0, 1, 'CoordinateSystemRef', 'CharacterString', NULL, 'O', 1, 'ISO 19103', 'ISO 19108', 'P');
 INSERT INTO "Schemas"."Properties"  VALUES ('role', NULL, 'Xlink', NULL, 0, 1, 'CoordinateSystemRef', 'CharacterString', NULL, 'O', 2, 'ISO 19103', 'ISO 19108', ' ');
 INSERT INTO "Schemas"."Properties"  VALUES ('arcrole', NULL, 'Xlink', NULL, 0, 1, 'CoordinateSystemRef', 'CharacterString', NULL, 'O', 3, 'ISO 19103', 'ISO 19108', ' ');
 INSERT INTO "Schemas"."Properties"  VALUES ('title', NULL, 'Xlink', NULL, 0, 1, 'CoordinateSystemRef', 'CharacterString', NULL, 'O', 4, 'ISO 19103', 'ISO 19108', ' ');
 INSERT INTO "Schemas"."Properties"  VALUES ('actuate', NULL, 'Xlink', NULL, 0, 1, 'CoordinateSystemRef', 'CharacterString', NULL, 'O', 5, 'ISO 19103', 'ISO 19108', ' ');

 INSERT INTO "Schemas"."Classes"  VALUES ('EngineeringCRS', NULL, 'ISO 19108', NULL, 0, NULL, NULL, ' ');
 INSERT INTO "Schemas"."Properties"  VALUES ('srsName', NULL, 'ISO 19108', NULL, 0, 1, 'EngineeringCRS', 'CharacterString', NULL, 'O', 1, 'ISO 19103', 'ISO 19108', ' ');
 INSERT INTO "Schemas"."Properties"  VALUES ('usesCS', NULL, 'ISO 19108', NULL, 0, 1, 'EngineeringCRS', 'CoordinateSystemRef', NULL, 'O', 2, 'ISO 19108', 'ISO 19108', ' ');
 INSERT INTO "Schemas"."Properties"  VALUES ('usesEngineeringDatum', NULL, 'ISO 19108', NULL, 0, 1, 'EngineeringCRS', 'EngineeringDatumRef', NULL, 'O', 3, 'ISO 19108', 'ISO 19108', ' ');
 INSERT INTO "Schemas"."Properties"  VALUES ('id', NULL, 'ISO 19108', NULL, 0, 1, 'EngineeringCRS', 'ID', NULL, 'O', 0, 'ISO 19103', 'ISO 19108', 'C');

/*-------------------------------------------------*
 *--------------  Classe TimePosition -------------*
 *-------------------------------------------------*/
 INSERT INTO "Schemas"."Classes"  VALUES('TimePosition',NULL,'ISO 19108',NULL,0,NULL,NULL, ' ');
 INSERT INTO "Schemas"."Properties"  VALUES('value', NULL, 'ISO 19108', NULL, 0, 1,'TimePosition','Date', NULL, 'O',0 , 'ISO 19103','ISO 19108', ' ');
 INSERT INTO "Schemas"."Properties"  VALUES('calendarEraName', NULL, 'ISO 19108', NULL, 0, 1,'TimePosition','CharacterString', NULL, 'O',1 , 'ISO 19103','ISO 19108', ' ');
 INSERT INTO "Schemas"."Properties"  VALUES('frame', NULL, 'ISO 19108', NULL, 0, 1,'TimePosition','CharacterString', NULL, 'O',2 , 'ISO 19103','ISO 19108', ' ');
 INSERT INTO "Schemas"."Properties"  VALUES('indeterminatePosition', NULL, 'ISO 19108', NULL, 0, 1,'TimePosition', NULL, 'TimeIndeterminateValue', 'O',3 , 'ISO 19108','ISO 19108', ' ');

/*-------------------------------------------------*
 *--------------  Classe Envelope -----------------*
 *-------------------------------------------------*/
 INSERT INTO "Schemas"."Classes"  VALUES('Envelope',NULL,'ISO 19108',NULL,0,NULL,NULL, ' ');
 INSERT INTO "Schemas"."Properties"  VALUES('id', NULL, 'ISO 19108', NULL, 0, 1,'Envelope','CharacterString', NULL, 'O',0 , 'ISO 19103','ISO 19108', ' ');
 INSERT INTO "Schemas"."Properties"  VALUES('lowerCorner', NULL, 'ISO 19108', NULL, 0, 1,'Envelope','DirectPosition', NULL, 'O',1 , 'ISO 19108','ISO 19108', ' ');
 INSERT INTO "Schemas"."Properties"  VALUES('upperCorner', NULL, 'ISO 19108', NULL, 0, 1,'Envelope','DirectPosition', NULL, 'O',2 , 'ISO 19108','ISO 19108', ' ');
 INSERT INTO "Schemas"."Properties"  VALUES('pos', NULL, 'ISO 19108', NULL, 0, 2147483647,'Envelope','DirectPosition', NULL, 'O',3 , 'ISO 19108','ISO 19108', ' ');
 INSERT INTO "Schemas"."Properties"  VALUES('srsDimension', NULL, 'ISO 19108', NULL, 0, 1,'Envelope','Integer', NULL, 'O',4 , 'ISO 19103','ISO 19108', ' ');
 INSERT INTO "Schemas"."Properties"  VALUES('srsName', NULL, 'ISO 19108', NULL, 0, 1,'Envelope','CharacterString', NULL, 'O',5 , 'ISO 19103','ISO 19108', ' ');
 INSERT INTO "Schemas"."Properties"  VALUES('axisLabels', NULL, 'ISO 19108', NULL, 0, 2147483647,'Envelope','CharacterString', NULL, 'O',6 , 'ISO 19103','ISO 19108', ' ');
 INSERT INTO "Schemas"."Properties"  VALUES('uomLabels', NULL, 'ISO 19108', NULL, 0, 2147483647,'Envelope','CharacterString', NULL, 'O',7 , 'ISO 19103','ISO 19108', ' ');

/*-------------------------------------------------*
 *--------------  Classe EnvelopeWithTimePeriod ---*
 *-------------------------------------------------*/
 INSERT INTO "Schemas"."Classes"  VALUES('EnvelopeWithTimePeriod',NULL,'ISO 19108',NULL,0,'Envelope','ISO 19108', ' ');
 INSERT INTO "Schemas"."Properties"  VALUES('beginPosition', NULL, 'ISO 19108', NULL, 1, 1,'EnvelopeWithTimePeriod','TimePosition', NULL, 'M',0 , 'ISO 19108','ISO 19108', ' ');
 INSERT INTO "Schemas"."Properties"  VALUES('endPosition', NULL, 'ISO 19108', NULL, 1, 1,'EnvelopeWithTimePeriod','TimePosition', NULL, 'M',1 , 'ISO 19108','ISO 19108', ' ');
 INSERT INTO "Schemas"."Properties"  VALUES('frame', NULL, 'ISO 19108', NULL, 0, 1,'EnvelopeWithTimePeriod','CharacterString', NULL, 'O',2 , 'ISO 19103','ISO 19108', ' ');


INSERT INTO "Schemas"."Paths" ("id", "name", "standard", "owner", "parent", "owner_Standard") VALUES ('ISO 19115:CI_ResponsibleParty', 'CI_ResponsibleParty', 'ISO 19115', 'CI_ResponsibleParty', NULL, 'ISO 19115');
INSERT INTO "Schemas"."Paths" ("id", "name", "standard", "owner", "parent", "owner_Standard") VALUES ('ISO 19115:CI_ResponsibleParty:contactInfo', 'contactInfo', 'ISO 19115', 'CI_ResponsibleParty', 'ISO 19115:CI_ResponsibleParty', 'ISO 19115');
INSERT INTO "Schemas"."Paths" ("id", "name", "standard", "owner", "parent", "owner_Standard") VALUES ('ISO 19115:CI_ResponsibleParty:contactInfo:phone', 'phone', 'ISO 19115', 'CI_Contact', 'ISO 19115:CI_ResponsibleParty:contactInfo', 'ISO 19115');
INSERT INTO "Schemas"."Paths" ("id", "name", "standard", "owner", "parent", "owner_Standard") VALUES ('ISO 19115:CI_ResponsibleParty:contactInfo:address', 'address', 'ISO 19115', 'CI_Contact', 'ISO 19115:CI_ResponsibleParty:contactInfo', 'ISO 19115');
INSERT INTO "Schemas"."Paths" ("id", "name", "standard", "owner", "parent", "owner_Standard") VALUES ('ISO 19115:CI_ResponsibleParty:contactInfo:onlineResource', 'onlineResource', 'ISO 19115', 'CI_Contact', 'ISO 19115:CI_ResponsibleParty:contactInfo', 'ISO 19115');
INSERT INTO "Schemas"."Paths" ("id", "name", "standard", "owner", "parent", "owner_Standard") VALUES ('ISO 19115:CI_ResponsibleParty:individualName', 'individualName', 'ISO 19115', 'CI_ResponsibleParty', 'ISO 19115:CI_ResponsibleParty', 'ISO 19115');
INSERT INTO "Schemas"."Paths" ("id", "name", "standard", "owner", "parent", "owner_Standard") VALUES ('ISO 19115:CI_ResponsibleParty:organisationName', 'organisationName', 'ISO 19115', 'CI_ResponsibleParty', 'ISO 19115:CI_ResponsibleParty', 'ISO 19115');
INSERT INTO "Schemas"."Paths" ("id", "name", "standard", "owner", "parent", "owner_Standard") VALUES ('ISO 19115:CI_ResponsibleParty:positionName', 'positionName', 'ISO 19115', 'CI_ResponsibleParty', 'ISO 19115:CI_ResponsibleParty', 'ISO 19115');
INSERT INTO "Schemas"."Paths" ("id", "name", "standard", "owner", "parent", "owner_Standard") VALUES ('ISO 19115:CI_ResponsibleParty:contactInfo:phone:voice', 'voice', 'ISO 19115', 'CI_Telephone', 'ISO 19115:CI_ResponsibleParty:contactInfo:phone', 'ISO 19115');
INSERT INTO "Schemas"."Paths" ("id", "name", "standard", "owner", "parent", "owner_Standard") VALUES ('ISO 19115:CI_ResponsibleParty:contactInfo:address:electronicMailAddress', 'electronicMailAddress', 'ISO 19115', 'CI_Address', 'ISO 19115:CI_ResponsibleParty:contactInfo:address', 'ISO 19115');
INSERT INTO "Schemas"."Paths" ("id", "name", "standard", "owner", "parent", "owner_Standard") VALUES ('ISO 19115:CI_ResponsibleParty:contactInfo:address:city', 'city', 'ISO 19115', 'CI_Address', 'ISO 19115:CI_ResponsibleParty:contactInfo:address', 'ISO 19115');
INSERT INTO "Schemas"."Paths" ("id", "name", "standard", "owner", "parent", "owner_Standard") VALUES ('ISO 19115:CI_ResponsibleParty:contactInfo:address:postalCode', 'postalCode', 'ISO 19115', 'CI_Address', 'ISO 19115:CI_ResponsibleParty:contactInfo:address', 'ISO 19115');
INSERT INTO "Schemas"."Paths" ("id", "name", "standard", "owner", "parent", "owner_Standard") VALUES ('ISO 19115:CI_ResponsibleParty:contactInfo:address:deliveryPoint', 'deliveryPoint', 'ISO 19115', 'CI_Address', 'ISO 19115:CI_ResponsibleParty:contactInfo:address', 'ISO 19115');
INSERT INTO "Schemas"."Paths" ("id", "name", "standard", "owner", "parent", "owner_Standard") VALUES ('ISO 19115:CI_ResponsibleParty:contactInfo:address:country', 'country', 'ISO 19115', 'CI_Address', 'ISO 19115:CI_ResponsibleParty:contactInfo:address', 'ISO 19115');
INSERT INTO "Schemas"."Paths" ("id", "name", "standard", "owner", "parent", "owner_Standard") VALUES ('ISO 19115:CI_ResponsibleParty:contactInfo:onlineResource:linkage', 'linkage', 'ISO 19115', 'CI_OnlineResource', 'ISO 19115:CI_ResponsibleParty:contactInfo:onlineResource', 'ISO 19115');
INSERT INTO "Schemas"."Paths" ("id", "name", "standard", "owner", "parent", "owner_Standard") VALUES ('ISO 19115:CI_ResponsibleParty:contactInfo:phone:facsimile', 'facsimile', 'ISO 19115', 'CI_Telephone', 'ISO 19115:CI_ResponsibleParty:contactInfo:phone', 'ISO 19115');
INSERT INTO "Schemas"."Paths" ("id", "name", "standard", "owner", "parent", "owner_Standard") VALUES ('ISO 19115:CI_ResponsibleParty:contactInfo:address:administrativeArea', 'administrativeArea', 'ISO 19115', 'CI_Address', 'ISO 19115:CI_ResponsibleParty:contactInfo:address', 'ISO 19115');
INSERT INTO "Schemas"."Paths" ("id", "name", "standard", "owner", "parent", "owner_Standard") VALUES ('ISO 19115:CI_ResponsibleParty:contactInfo:onlineResource:protocol', 'protocol', 'ISO 19115', 'CI_OnlineResource', 'ISO 19115:CI_ResponsibleParty:contactInfo:onlineResource', 'ISO 19115');
INSERT INTO "Schemas"."Paths" ("id", "name", "standard", "owner", "parent", "owner_Standard") VALUES ('ISO 19115:CI_ResponsibleParty:contactInfo:onlineResource:applicationProfile', 'applicationProfile', 'ISO 19115', 'CI_OnlineResource', 'ISO 19115:CI_ResponsibleParty:contactInfo:onlineResource', 'ISO 19115');
INSERT INTO "Schemas"."Paths" ("id", "name", "standard", "owner", "parent", "owner_Standard") VALUES ('ISO 19115:CI_ResponsibleParty:contactInfo:onlineResource:name', 'name', 'ISO 19115', 'CI_OnlineResource', 'ISO 19115:CI_ResponsibleParty:contactInfo:onlineResource', 'ISO 19115');
INSERT INTO "Schemas"."Paths" ("id", "name", "standard", "owner", "parent", "owner_Standard") VALUES ('ISO 19115:CI_ResponsibleParty:contactInfo:onlineResource:description', 'description', 'ISO 19115', 'CI_OnlineResource', 'ISO 19115:CI_ResponsibleParty:contactInfo:onlineResource', 'ISO 19115');
INSERT INTO "Schemas"."Paths" ("id", "name", "standard", "owner", "parent", "owner_Standard") VALUES ('ISO 19115:CI_ResponsibleParty:contactInfo:onlineResource:function', 'function', 'ISO 19115', 'CI_OnlineResource', 'ISO 19115:CI_ResponsibleParty:contactInfo:onlineResource', 'ISO 19115');
INSERT INTO "Schemas"."Paths" ("id", "name", "standard", "owner", "parent", "owner_Standard") VALUES ('ISO 19115:CI_ResponsibleParty:contactInfo:hoursOfService', 'hoursOfService', 'ISO 19115', 'CI_Contact', 'ISO 19115:CI_ResponsibleParty:contactInfo', 'ISO 19115');
INSERT INTO "Schemas"."Paths" ("id", "name", "standard", "owner", "parent", "owner_Standard") VALUES ('ISO 19115:CI_ResponsibleParty:contactInfo:contactInstructions', 'contactInstructions', 'ISO 19115', 'CI_Contact', 'ISO 19115:CI_ResponsibleParty:contactInfo', 'ISO 19115');
INSERT INTO "Schemas"."Paths" ("id", "name", "standard", "owner", "parent", "owner_Standard") VALUES ('ISO 19115:CI_ResponsibleParty:role', 'role', 'ISO 19115', 'CI_ResponsibleParty', 'ISO 19115:CI_ResponsibleParty', 'ISO 19115');
