
INSERT INTO "Storage"."Catalogs" ("code", "name") VALUES ('SMLC', 'SensorML Data catalog');

INSERT INTO "Storage"."Forms" ("identifier", "catalog", "title", "inputLogin", "validationLogin", "profile", "updateDate", "isValidated", "isPublished", "type") VALUES (12, 'SMLC', 'urn:ogc:object:sensor:GEOM:1', 'admin', NULL, NULL, '2008-05-14', 1, 1, 'normalForm');
INSERT INTO "Storage"."Forms" ("identifier", "catalog", "title", "inputLogin", "validationLogin", "profile", "updateDate", "isValidated", "isPublished", "type") VALUES (13, 'SMLC', 'urn:ogc:object:sensor:GEOM:2', 'admin', NULL, NULL, '2008-05-14', 1, 1, 'normalForm');


INSERT INTO "Storage"."Values" ("form", "path", "ordinal", "type", "typeStandard", "id_value") VALUES (12, 'SensorML:SensorML', 1, 'SensorML', 'SensorML', 'SensorML:SensorML.1');
INSERT INTO "Storage"."Values" ("form", "path", "ordinal", "type", "typeStandard", "id_value") VALUES (12, 'SensorML:SensorML:member', 1, 'System', 'SensorML', 'SensorML:SensorML.1:member.1');
INSERT INTO "Storage"."Values" ("form", "path", "ordinal", "type", "typeStandard", "id_value") VALUES (12, 'SensorML:SensorML:member:keywords', 1, 'KeywordList', 'SensorML', 'SensorML:SensorML.1:member.1:keywords.1');
INSERT INTO "Storage"."Values" ("form", "path", "ordinal", "type", "typeStandard", "id_value") VALUES (12, 'SensorML:SensorML:member:identification', 1, 'IdentifierList', 'SensorML', 'SensorML:SensorML.1:member.1:identification.1');
INSERT INTO "Storage"."Values" ("form", "path", "ordinal", "type", "typeStandard", "id_value") VALUES (12, 'SensorML:SensorML:member:identification:identifier', 1, 'Term', 'SensorML', 'SensorML:SensorML.1:member.1:identification.1:identifier.1');
INSERT INTO "Storage"."Values" ("form", "path", "ordinal", "type", "typeStandard", "id_value") VALUES (12, 'SensorML:SensorML:member:identification:identifier:codeSpace', 1, 'CodeSpace', 'Sensor Web Enablement', 'SensorML:SensorML.1:member.1:identification.1:identifier.1:codeSpace.1');
INSERT INTO "Storage"."Values" ("form", "path", "ordinal", "type", "typeStandard", "id_value") VALUES (12, 'SensorML:SensorML:member:identification:identifier', 2, 'Term', 'SensorML', 'SensorML:SensorML.1:member.1:identification.1:identifier.2');
INSERT INTO "Storage"."Values" ("form", "path", "ordinal", "type", "typeStandard", "id_value") VALUES (12, 'SensorML:SensorML:member:identification:identifier:codeSpace', 1, 'CodeSpace', 'Sensor Web Enablement', 'SensorML:SensorML.1:member.1:identification.1:identifier.2:codeSpace.1');
INSERT INTO "Storage"."Values" ("form", "path", "ordinal", "type", "typeStandard", "id_value") VALUES (12, 'SensorML:SensorML:member:identification:identifier', 3, 'Term', 'SensorML', 'SensorML:SensorML.1:member.1:identification.1:identifier.3');
INSERT INTO "Storage"."Values" ("form", "path", "ordinal", "type", "typeStandard", "id_value") VALUES (12, 'SensorML:SensorML:member:classification', 1, 'ClassifierList', 'SensorML', 'SensorML:SensorML.1:member.1:classification.1');
INSERT INTO "Storage"."Values" ("form", "path", "ordinal", "type", "typeStandard", "id_value") VALUES (12, 'SensorML:SensorML:member:classification:classifier', 1, 'Term', 'SensorML', 'SensorML:SensorML.1:member.1:classification.1:classifier.1');
INSERT INTO "Storage"."Values" ("form", "path", "ordinal", "type", "typeStandard", "id_value") VALUES (12, 'SensorML:SensorML:member:classification:classifier', 2, 'Term', 'SensorML', 'SensorML:SensorML.1:member.1:classification.1:classifier.2');
INSERT INTO "Storage"."Values" ("form", "path", "ordinal", "type", "typeStandard", "id_value") VALUES (12, 'SensorML:SensorML:member:classification:classifier:codeSpace', 1, 'CodeSpace', 'Sensor Web Enablement', 'SensorML:SensorML.1:member.1:classification.1:classifier.2:codeSpace.1');
INSERT INTO "Storage"."Values" ("form", "path", "ordinal", "type", "typeStandard", "id_value") VALUES (12, 'SensorML:SensorML:member:classification:classifier', 3, 'Term', 'SensorML', 'SensorML:SensorML.1:member.1:classification.1:classifier.3');
INSERT INTO "Storage"."Values" ("form", "path", "ordinal", "type", "typeStandard", "id_value") VALUES (12, 'SensorML:SensorML:member:classification:classifier:codeSpace', 1, 'CodeSpace', 'Sensor Web Enablement', 'SensorML:SensorML.1:member.1:classification.1:classifier.3:codeSpace.1');
INSERT INTO "Storage"."Values" ("form", "path", "ordinal", "type", "typeStandard", "id_value") VALUES (12, 'SensorML:SensorML:member:classification:classifier', 4, 'Term', 'SensorML', 'SensorML:SensorML.1:member.1:classification.1:classifier.4');
INSERT INTO "Storage"."Values" ("form", "path", "ordinal", "type", "typeStandard", "id_value") VALUES (12, 'SensorML:SensorML:member:classification:classifier:codeSpace', 1, 'CodeSpace', 'Sensor Web Enablement', 'SensorML:SensorML.1:member.1:classification.1:classifier.4:codeSpace.1');
INSERT INTO "Storage"."Values" ("form", "path", "ordinal", "type", "typeStandard", "id_value") VALUES (12, 'SensorML:SensorML:member:classification:classifier', 5, 'Term', 'SensorML', 'SensorML:SensorML.1:member.1:classification.1:classifier.5');
INSERT INTO "Storage"."Values" ("form", "path", "ordinal", "type", "typeStandard", "id_value") VALUES (12, 'SensorML:SensorML:member:classification:classifier:codeSpace', 1, 'CodeSpace', 'Sensor Web Enablement', 'SensorML:SensorML.1:member.1:classification.1:classifier.5:codeSpace.1');
INSERT INTO "Storage"."Values" ("form", "path", "ordinal", "type", "typeStandard", "id_value") VALUES (12, 'SensorML:SensorML:member:classification:classifier', 6, 'Term', 'SensorML', 'SensorML:SensorML.1:member.1:classification.1:classifier.6');
INSERT INTO "Storage"."Values" ("form", "path", "ordinal", "type", "typeStandard", "id_value") VALUES (12, 'SensorML:SensorML:member:classification:classifier:codeSpace', 1, 'CodeSpace', 'Sensor Web Enablement', 'SensorML:SensorML.1:member.1:classification.1:classifier.6:codeSpace.1');
INSERT INTO "Storage"."Values" ("form", "path", "ordinal", "type", "typeStandard", "id_value") VALUES (12, 'SensorML:SensorML:member:classification:classifier', 7, 'Term', 'SensorML', 'SensorML:SensorML.1:member.1:classification.1:classifier.7');
INSERT INTO "Storage"."Values" ("form", "path", "ordinal", "type", "typeStandard", "id_value") VALUES (12, 'SensorML:SensorML:member:classification:classifier:codeSpace', 1, 'CodeSpace', 'Sensor Web Enablement', 'SensorML:SensorML.1:member.1:classification.1:classifier.7:codeSpace.1');
INSERT INTO "Storage"."Values" ("form", "path", "ordinal", "type", "typeStandard", "id_value") VALUES (12, 'SensorML:SensorML:member:classification:classifier', 8, 'Term', 'SensorML', 'SensorML:SensorML.1:member.1:classification.1:classifier.8');
INSERT INTO "Storage"."Values" ("form", "path", "ordinal", "type", "typeStandard", "id_value") VALUES (12, 'SensorML:SensorML:member:classification:classifier:codeSpace', 1, 'CodeSpace', 'Sensor Web Enablement', 'SensorML:SensorML.1:member.1:classification.1:classifier.8:codeSpace.1');
INSERT INTO "Storage"."Values" ("form", "path", "ordinal", "type", "typeStandard", "id_value") VALUES (12, 'SensorML:SensorML:member:classification:classifier', 9, 'Term', 'SensorML', 'SensorML:SensorML.1:member.1:classification.1:classifier.9');
INSERT INTO "Storage"."Values" ("form", "path", "ordinal", "type", "typeStandard", "id_value") VALUES (12, 'SensorML:SensorML:member:classification:classifier:codeSpace', 1, 'CodeSpace', 'Sensor Web Enablement', 'SensorML:SensorML.1:member.1:classification.1:classifier.9:codeSpace.1');
INSERT INTO "Storage"."Values" ("form", "path", "ordinal", "type", "typeStandard", "id_value") VALUES (12, 'SensorML:SensorML:member:classification:classifier', 10, 'Term', 'SensorML', 'SensorML:SensorML.1:member.1:classification.1:classifier.10');
INSERT INTO "Storage"."Values" ("form", "path", "ordinal", "type", "typeStandard", "id_value") VALUES (12, 'SensorML:SensorML:member:classification:classifier:codeSpace', 1, 'CodeSpace', 'Sensor Web Enablement', 'SensorML:SensorML.1:member.1:classification.1:classifier.10:codeSpace.1');
INSERT INTO "Storage"."Values" ("form", "path", "ordinal", "type", "typeStandard", "id_value") VALUES (12, 'SensorML:SensorML:member:legalConstraint', 1, 'Rights', 'SensorML', 'SensorML:SensorML.1:member.1:legalConstraint.1');
INSERT INTO "Storage"."Values" ("form", "path", "ordinal", "type", "typeStandard", "id_value") VALUES (12, 'SensorML:SensorML:member:legalConstraint:documentation', 1, 'Document', 'SensorML', 'SensorML:SensorML.1:member.1:legalConstraint.1:documentation.1');
INSERT INTO "Storage"."Values" ("form", "path", "ordinal", "type", "typeStandard", "id_value") VALUES (12, 'SensorML:SensorML:member:characteristics', 1, 'DataRecord', 'Sensor Web Enablement', 'SensorML:SensorML.1:member.1:characteristics.1');
INSERT INTO "Storage"."Values" ("form", "path", "ordinal", "type", "typeStandard", "id_value") VALUES (12, 'SensorML:SensorML:member:characteristics:field', 1, 'DataRecord', 'Sensor Web Enablement', 'SensorML:SensorML.1:member.1:characteristics.1:field.1');
INSERT INTO "Storage"."Values" ("form", "path", "ordinal", "type", "typeStandard", "id_value") VALUES (12, 'SensorML:SensorML:member:characteristics:field:field', 1, 'Quantity', 'Sensor Web Enablement', 'SensorML:SensorML.1:member.1:characteristics.1:field.1:field.1');
INSERT INTO "Storage"."Values" ("form", "path", "ordinal", "type", "typeStandard", "id_value") VALUES (12, 'SensorML:SensorML:member:characteristics:field:field:uom', 1, 'Uom', 'Sensor Web Enablement', 'SensorML:SensorML.1:member.1:characteristics.1:field.1:field.1:uom.1');
INSERT INTO "Storage"."Values" ("form", "path", "ordinal", "type", "typeStandard", "id_value") VALUES (12, 'SensorML:SensorML:member:capabilities', 1, 'DataRecord', 'Sensor Web Enablement', 'SensorML:SensorML.1:member.1:capabilities.1');
INSERT INTO "Storage"."Values" ("form", "path", "ordinal", "type", "typeStandard", "id_value") VALUES (12, 'SensorML:SensorML:member:capabilities:field', 1, 'Quantity', 'Sensor Web Enablement', 'SensorML:SensorML.1:member.1:capabilities.1:field.1');
INSERT INTO "Storage"."Values" ("form", "path", "ordinal", "type", "typeStandard", "id_value") VALUES (12, 'SensorML:SensorML:member:capabilities:field:uom', 1, 'Uom', 'Sensor Web Enablement', 'SensorML:SensorML.1:member.1:capabilities.1:field.1:uom.1');
INSERT INTO "Storage"."Values" ("form", "path", "ordinal", "type", "typeStandard", "id_value") VALUES (12, 'SensorML:SensorML:member:capabilities:field', 2, 'QuantityRange', 'Sensor Web Enablement', 'SensorML:SensorML.1:member.1:capabilities.1:field.2');
INSERT INTO "Storage"."Values" ("form", "path", "ordinal", "type", "typeStandard", "id_value") VALUES (12, 'SensorML:SensorML:member:capabilities:field:uom', 1, 'Uom', 'Sensor Web Enablement', 'SensorML:SensorML.1:member.1:capabilities.1:field.2:uom.1');
INSERT INTO "Storage"."Values" ("form", "path", "ordinal", "type", "typeStandard", "id_value") VALUES (12, 'SensorML:SensorML:member:contact', 1, 'ResponsibleParty', 'SensorML', 'SensorML:SensorML.1:member.1:contact.1');
INSERT INTO "Storage"."Values" ("form", "path", "ordinal", "type", "typeStandard", "id_value") VALUES (12, 'SensorML:SensorML:member:contact:contactInfo', 1, 'Contact', 'SensorML', 'SensorML:SensorML.1:member.1:contact.1:contactInfo.1');
INSERT INTO "Storage"."Values" ("form", "path", "ordinal", "type", "typeStandard", "id_value") VALUES (12, 'SensorML:SensorML:member:contact:contactInfo:address', 1, 'Address', 'SensorML', 'SensorML:SensorML.1:member.1:contact.1:contactInfo.1:address.1');
INSERT INTO "Storage"."Values" ("form", "path", "ordinal", "type", "typeStandard", "id_value") VALUES (12, 'SensorML:SensorML:member:contact', 2, 'ResponsibleParty', 'SensorML', 'SensorML:SensorML.1:member.1:contact.2');
INSERT INTO "Storage"."Values" ("form", "path", "ordinal", "type", "typeStandard", "id_value") VALUES (12, 'SensorML:SensorML:member:contact:contactInfo', 1, 'Contact', 'SensorML', 'SensorML:SensorML.1:member.1:contact.2:contactInfo.1');
INSERT INTO "Storage"."Values" ("form", "path", "ordinal", "type", "typeStandard", "id_value") VALUES (12, 'SensorML:SensorML:member:contact:contactInfo:address', 1, 'Address', 'SensorML', 'SensorML:SensorML.1:member.1:contact.2:contactInfo.1:address.1');
INSERT INTO "Storage"."Values" ("form", "path", "ordinal", "type", "typeStandard", "id_value") VALUES (12, 'SensorML:SensorML:member:documentation', 1, 'Document', 'SensorML', 'SensorML:SensorML.1:member.1:documentation.1');
INSERT INTO "Storage"."Values" ("form", "path", "ordinal", "type", "typeStandard", "id_value") VALUES (12, 'SensorML:SensorML:member:documentation:onlineResource', 1, 'OnlineResource', 'SensorML', 'SensorML:SensorML.1:member.1:documentation.1:onlineResource.1');
INSERT INTO "Storage"."Values" ("form", "path", "ordinal", "type", "typeStandard", "id_value") VALUES (12, 'SensorML:SensorML:member:spatialReferenceFrame', 1, 'EngineeringCRS', 'ISO 19108', 'SensorML:SensorML.1:member.1:spatialReferenceFrame.1');
INSERT INTO "Storage"."Values" ("form", "path", "ordinal", "type", "typeStandard", "id_value") VALUES (12, 'SensorML:SensorML:member:spatialReferenceFrame:usesCS', 1, 'SimpleLink', 'Xlink', 'SensorML:SensorML.1:member.1:spatialReferenceFrame.1:usesCS.1');
INSERT INTO "Storage"."Values" ("form", "path", "ordinal", "type", "typeStandard", "id_value") VALUES (12, 'SensorML:SensorML:member:spatialReferenceFrame:usesEngineeringDatum', 1, 'EngineeringDatum', 'ISO 19108', 'SensorML:SensorML.1:member.1:spatialReferenceFrame.1:usesEngineeringDatum.1');
INSERT INTO "Storage"."Values" ("form", "path", "ordinal", "type", "typeStandard", "id_value") VALUES (12, 'SensorML:SensorML:member:temporalReferenceFrame', 1, 'TemporalCRS', 'ISO 19108', 'SensorML:SensorML.1:member.1:temporalReferenceFrame.1');
INSERT INTO "Storage"."Values" ("form", "path", "ordinal", "type", "typeStandard", "id_value") VALUES (12, 'SensorML:SensorML:member:temporalReferenceFrame:usesTemporalCS', 1, 'SimpleLink', 'Xlink', 'SensorML:SensorML.1:member.1:temporalReferenceFrame.1:usesTemporalCS.1');
INSERT INTO "Storage"."Values" ("form", "path", "ordinal", "type", "typeStandard", "id_value") VALUES (12, 'SensorML:SensorML:member:temporalReferenceFrame:usesTemporalDatum', 1, 'SimpleLink', 'Xlink', 'SensorML:SensorML.1:member.1:temporalReferenceFrame.1:usesTemporalDatum.1');
INSERT INTO "Storage"."Values" ("form", "path", "ordinal", "type", "typeStandard", "id_value") VALUES (12, 'SensorML:SensorML:member:location', 1, 'Point', 'ISO 19108', 'SensorML:SensorML.1:member.1:location.1');
INSERT INTO "Storage"."Values" ("form", "path", "ordinal", "type", "typeStandard", "id_value") VALUES (12, 'SensorML:SensorML:member:interfaces', 1, 'InterfaceList', 'SensorML', 'SensorML:SensorML.1:member.1:interfaces.1');
INSERT INTO "Storage"."Values" ("form", "path", "ordinal", "type", "typeStandard", "id_value") VALUES (12, 'SensorML:SensorML:member:interfaces:interface', 1, 'InterfaceDefinition', 'SensorML', 'SensorML:SensorML.1:member.1:interfaces.1:interface.1');
INSERT INTO "Storage"."Values" ("form", "path", "ordinal", "type", "typeStandard", "id_value") VALUES (12, 'SensorML:SensorML:member:interfaces:interface:applicationLayer', 1, 'Category', 'Sensor Web Enablement', 'SensorML:SensorML.1:member.1:interfaces.1:interface.1:applicationLayer.1');
INSERT INTO "Storage"."Values" ("form", "path", "ordinal", "type", "typeStandard", "id_value") VALUES (12, 'SensorML:SensorML:member:interfaces:interface:dataLinkLayer', 1, 'Category', 'Sensor Web Enablement', 'SensorML:SensorML.1:member.1:interfaces.1:interface.1:dataLinkLayer.1');
INSERT INTO "Storage"."Values" ("form", "path", "ordinal", "type", "typeStandard", "id_value") VALUES (12, 'SensorML:SensorML:member:inputs', 1, 'InputList', 'SensorML', 'SensorML:SensorML.1:member.1:inputs.1');
INSERT INTO "Storage"."Values" ("form", "path", "ordinal", "type", "typeStandard", "id_value") VALUES (12, 'SensorML:SensorML:member:inputs:input', 1, 'ObservableProperty', 'Sensor Web Enablement', 'SensorML:SensorML.1:member.1:inputs.1:input.1');
INSERT INTO "Storage"."Values" ("form", "path", "ordinal", "type", "typeStandard", "id_value") VALUES (12, 'SensorML:SensorML:member:outputs', 1, 'OutputList', 'SensorML', 'SensorML:SensorML.1:member.1:outputs.1');
INSERT INTO "Storage"."Values" ("form", "path", "ordinal", "type", "typeStandard", "id_value") VALUES (12, 'SensorML:SensorML:member:outputs:output', 1, 'DataRecord', 'Sensor Web Enablement', 'SensorML:SensorML.1:member.1:outputs.1:output.1');
INSERT INTO "Storage"."Values" ("form", "path", "ordinal", "type", "typeStandard", "id_value") VALUES (12, 'SensorML:SensorML:member:outputs:output:field', 1, 'Time', 'Sensor Web Enablement', 'SensorML:SensorML.1:member.1:outputs.1:output.1:field.1');
INSERT INTO "Storage"."Values" ("form", "path", "ordinal", "type", "typeStandard", "id_value") VALUES (12, 'SensorML:SensorML:member:outputs:output:field:uom', 1, 'Uom', 'Sensor Web Enablement', 'SensorML:SensorML.1:member.1:outputs.1:output.1:field.1:uom.1');
INSERT INTO "Storage"."Values" ("form", "path", "ordinal", "type", "typeStandard", "id_value") VALUES (12, 'SensorML:SensorML:member:outputs:output:field', 2, 'Quantity', 'Sensor Web Enablement', 'SensorML:SensorML.1:member.1:outputs.1:output.1:field.2');
INSERT INTO "Storage"."Values" ("form", "path", "ordinal", "type", "typeStandard", "id_value") VALUES (12, 'SensorML:SensorML:member:outputs:output:field:uom', 1, 'Uom', 'Sensor Web Enablement', 'SensorML:SensorML.1:member.1:outputs.1:output.1:field.2:uom.1');
INSERT INTO "Storage"."Values" ("form", "path", "ordinal", "type", "typeStandard", "id_value") VALUES (12, 'SensorML:SensorML:member:outputs:output:field', 3, 'Boolean', 'Sensor Web Enablement', 'SensorML:SensorML.1:member.1:outputs.1:output.1:field.3');
INSERT INTO "Storage"."Values" ("form", "path", "ordinal", "type", "typeStandard", "id_value") VALUES (12, 'SensorML:SensorML:member:components', 1, 'ComponentList', 'SensorML', 'SensorML:SensorML.1:member.1:components.1');
INSERT INTO "Storage"."Values" ("form", "path", "ordinal", "type", "typeStandard", "id_value") VALUES (12, 'SensorML:SensorML:member:components:component', 1, 'Component', 'SensorML', 'SensorML:SensorML.1:member.1:components.1:component.1');
INSERT INTO "Storage"."Values" ("form", "path", "ordinal", "type", "typeStandard", "id_value") VALUES (12, 'SensorML:SensorML:member:positions', 1, 'PositionList', 'SensorML', 'SensorML:SensorML.1:member.1:positions.1');
INSERT INTO "Storage"."Values" ("form", "path", "ordinal", "type", "typeStandard", "id_value") VALUES (12, 'SensorML:SensorML:member:positions:position', 1, 'Position', 'Sensor Web Enablement', 'SensorML:SensorML.1:member.1:positions.1:position.1');
INSERT INTO "Storage"."Values" ("form", "path", "ordinal", "type", "typeStandard", "id_value") VALUES (12, 'SensorML:SensorML:member:positions:position:location', 1, 'Vector', 'Sensor Web Enablement', 'SensorML:SensorML.1:member.1:positions.1:position.1:location.1');
INSERT INTO "Storage"."Values" ("form", "path", "ordinal", "type", "typeStandard", "id_value") VALUES (12, 'SensorML:SensorML:member:positions:position:location:coordinate', 1, 'Quantity', 'Sensor Web Enablement', 'SensorML:SensorML.1:member.1:positions.1:position.1:location.1:coordinate.1');
INSERT INTO "Storage"."Values" ("form", "path", "ordinal", "type", "typeStandard", "id_value") VALUES (12, 'SensorML:SensorML:member:positions:position:location:coordinate:uom', 1, 'Uom', 'Sensor Web Enablement', 'SensorML:SensorML.1:member.1:positions.1:position.1:location.1:coordinate.1:uom.1');
INSERT INTO "Storage"."Values" ("form", "path", "ordinal", "type", "typeStandard", "id_value") VALUES (12, 'SensorML:SensorML:member:positions:position:location:coordinate', 2, 'Quantity', 'Sensor Web Enablement', 'SensorML:SensorML.1:member.1:positions.1:position.1:location.1:coordinate.2');
INSERT INTO "Storage"."Values" ("form", "path", "ordinal", "type", "typeStandard", "id_value") VALUES (12, 'SensorML:SensorML:member:positions:position:location:coordinate:uom', 1, 'Uom', 'Sensor Web Enablement', 'SensorML:SensorML.1:member.1:positions.1:position.1:location.1:coordinate.2:uom.1');
INSERT INTO "Storage"."Values" ("form", "path", "ordinal", "type", "typeStandard", "id_value") VALUES (12, 'SensorML:SensorML:member:positions:position:location:coordinate', 3, 'Quantity', 'Sensor Web Enablement', 'SensorML:SensorML.1:member.1:positions.1:position.1:location.1:coordinate.3');
INSERT INTO "Storage"."Values" ("form", "path", "ordinal", "type", "typeStandard", "id_value") VALUES (12, 'SensorML:SensorML:member:positions:position:location:coordinate:uom', 1, 'Uom', 'Sensor Web Enablement', 'SensorML:SensorML.1:member.1:positions.1:position.1:location.1:coordinate.3:uom.1');
INSERT INTO "Storage"."Values" ("form", "path", "ordinal", "type", "typeStandard", "id_value") VALUES (12, 'SensorML:SensorML:member:connections', 1, 'ConnectionList', 'SensorML', 'SensorML:SensorML.1:member.1:connections.1');
INSERT INTO "Storage"."Values" ("form", "path", "ordinal", "type", "typeStandard", "id_value") VALUES (12, 'SensorML:SensorML:member:connections:connection', 1, 'Link', 'SensorML', 'SensorML:SensorML.1:member.1:connections.1:connection.1');
INSERT INTO "Storage"."Values" ("form", "path", "ordinal", "type", "typeStandard", "id_value") VALUES (12, 'SensorML:SensorML:member:connections:connection:source', 1, 'LinkRef', 'SensorML', 'SensorML:SensorML.1:member.1:connections.1:connection.1:source.1');
INSERT INTO "Storage"."Values" ("form", "path", "ordinal", "type", "typeStandard", "id_value") VALUES (12, 'SensorML:SensorML:member:connections:connection:destination', 1, 'LinkRef', 'SensorML', 'SensorML:SensorML.1:member.1:connections.1:connection.1:destination.1');
INSERT INTO "Storage"."Values" ("form", "path", "ordinal", "type", "typeStandard", "id_value") VALUES (12, 'SensorML:SensorML:member:connections:connection', 2, 'Link', 'SensorML', 'SensorML:SensorML.1:member.1:connections.1:connection.2');
INSERT INTO "Storage"."Values" ("form", "path", "ordinal", "type", "typeStandard", "id_value") VALUES (12, 'SensorML:SensorML:member:connections:connection:source', 1, 'LinkRef', 'SensorML', 'SensorML:SensorML.1:member.1:connections.1:connection.2:source.1');
INSERT INTO "Storage"."Values" ("form", "path", "ordinal", "type", "typeStandard", "id_value") VALUES (12, 'SensorML:SensorML:member:connections:connection:destination', 1, 'LinkRef', 'SensorML', 'SensorML:SensorML.1:member.1:connections.1:connection.2:destination.1');

INSERT INTO "Storage"."Values" ("form", "path", "ordinal", "type", "typeStandard", "id_value") VALUES (13, 'SensorML:SensorML', 1, 'SensorML', 'SensorML', 'SensorML:SensorML.1');
INSERT INTO "Storage"."Values" ("form", "path", "ordinal", "type", "typeStandard", "id_value") VALUES (13, 'SensorML:SensorML:member', 1, 'Component', 'SensorML', 'SensorML:SensorML.1:member.1');
INSERT INTO "Storage"."Values" ("form", "path", "ordinal", "type", "typeStandard", "id_value") VALUES (13, 'SensorML:SensorML:member:keywords', 1, 'KeywordList', 'SensorML', 'SensorML:SensorML.1:member.1:keywords.1');
INSERT INTO "Storage"."Values" ("form", "path", "ordinal", "type", "typeStandard", "id_value") VALUES (13, 'SensorML:SensorML:member:identification', 1, 'IdentifierList', 'SensorML', 'SensorML:SensorML.1:member.1:identification.1');
INSERT INTO "Storage"."Values" ("form", "path", "ordinal", "type", "typeStandard", "id_value") VALUES (13, 'SensorML:SensorML:member:identification:identifier', 1, 'Term', 'SensorML', 'SensorML:SensorML.1:member.1:identification.1:identifier.1');
INSERT INTO "Storage"."Values" ("form", "path", "ordinal", "type", "typeStandard", "id_value") VALUES (13, 'SensorML:SensorML:member:identification:identifier:codeSpace', 1, 'CodeSpace', 'Sensor Web Enablement', 'SensorML:SensorML.1:member.1:identification.1:identifier.1:codeSpace.1');
INSERT INTO "Storage"."Values" ("form", "path", "ordinal", "type", "typeStandard", "id_value") VALUES (13, 'SensorML:SensorML:member:identification:identifier', 2, 'Term', 'SensorML', 'SensorML:SensorML.1:member.1:identification.1:identifier.2');
INSERT INTO "Storage"."Values" ("form", "path", "ordinal", "type", "typeStandard", "id_value") VALUES (13, 'SensorML:SensorML:member:classification', 1, 'ClassifierList', 'SensorML', 'SensorML:SensorML.1:member.1:classification.1');
INSERT INTO "Storage"."Values" ("form", "path", "ordinal", "type", "typeStandard", "id_value") VALUES (13, 'SensorML:SensorML:member:classification:classifier', 1, 'Term', 'SensorML', 'SensorML:SensorML.1:member.1:classification.1:classifier.1');
INSERT INTO "Storage"."Values" ("form", "path", "ordinal", "type", "typeStandard", "id_value") VALUES (13, 'SensorML:SensorML:member:classification:classifier', 2, 'Term', 'SensorML', 'SensorML:SensorML.1:member.1:classification.1:classifier.2');
INSERT INTO "Storage"."Values" ("form", "path", "ordinal", "type", "typeStandard", "id_value") VALUES (13, 'SensorML:SensorML:member:classification:classifier:codeSpace', 1, 'CodeSpace', 'Sensor Web Enablement', 'SensorML:SensorML.1:member.1:classification.1:classifier.2:codeSpace.1');
INSERT INTO "Storage"."Values" ("form", "path", "ordinal", "type", "typeStandard", "id_value") VALUES (13, 'SensorML:SensorML:member:validTime', 1, 'TimePeriod', 'ISO 19108', 'SensorML:SensorML.1:member.1:validTime.1');
INSERT INTO "Storage"."Values" ("form", "path", "ordinal", "type", "typeStandard", "id_value") VALUES (13, 'SensorML:SensorML:member:validTime:endPosition', 1, 'UndefinedTime', 'ISO 19108', 'SensorML:SensorML.1:member.1:validTime.1:endPosition.1');
INSERT INTO "Storage"."Values" ("form", "path", "ordinal", "type", "typeStandard", "id_value") VALUES (13, 'SensorML:SensorML:member:capabilities', 1, 'DataRecord', 'Sensor Web Enablement', 'SensorML:SensorML.1:member.1:capabilities.1');
INSERT INTO "Storage"."Values" ("form", "path", "ordinal", "type", "typeStandard", "id_value") VALUES (13, 'SensorML:SensorML:member:capabilities:field', 1, 'TimeRange', 'Sensor Web Enablement', 'SensorML:SensorML.1:member.1:capabilities.1:field.1');
INSERT INTO "Storage"."Values" ("form", "path", "ordinal", "type", "typeStandard", "id_value") VALUES (13, 'SensorML:SensorML:member:contact', 1, 'ResponsibleParty', 'SensorML', 'SensorML:SensorML.1:member.1:contact.1');
INSERT INTO "Storage"."Values" ("form", "path", "ordinal", "type", "typeStandard", "id_value") VALUES (13, 'SensorML:SensorML:member:position', 1, 'Position', 'Sensor Web Enablement', 'SensorML:SensorML.1:member.1:position.1');
INSERT INTO "Storage"."Values" ("form", "path", "ordinal", "type", "typeStandard", "id_value") VALUES (13, 'SensorML:SensorML:member:inputs', 1, 'InputList', 'SensorML', 'SensorML:SensorML.1:member.1:inputs.1');
INSERT INTO "Storage"."Values" ("form", "path", "ordinal", "type", "typeStandard", "id_value") VALUES (13, 'SensorML:SensorML:member:inputs:input', 1, 'ObservableProperty', 'Sensor Web Enablement', 'SensorML:SensorML.1:member.1:inputs.1:input.1');
INSERT INTO "Storage"."Values" ("form", "path", "ordinal", "type", "typeStandard", "id_value") VALUES (13, 'SensorML:SensorML:member:outputs', 1, 'OutputList', 'SensorML', 'SensorML:SensorML.1:member.1:outputs.1');
INSERT INTO "Storage"."Values" ("form", "path", "ordinal", "type", "typeStandard", "id_value") VALUES (13, 'SensorML:SensorML:member:outputs:output', 1, 'ObservableProperty', 'Sensor Web Enablement', 'SensorML:SensorML.1:member.1:outputs.1:output.1');
INSERT INTO "Storage"."Values" ("form", "path", "ordinal", "type", "typeStandard", "id_value") VALUES (13, 'SensorML:SensorML:member:parameters', 1, 'ParameterList', 'SensorML', 'SensorML:SensorML.1:member.1:parameters.1');
INSERT INTO "Storage"."Values" ("form", "path", "ordinal", "type", "typeStandard", "id_value") VALUES (13, 'SensorML:SensorML:member:parameters:parameter', 1, 'Quantity', 'Sensor Web Enablement', 'SensorML:SensorML.1:member.1:parameters.1:parameter.1');
INSERT INTO "Storage"."Values" ("form", "path", "ordinal", "type", "typeStandard", "id_value") VALUES (13, 'SensorML:SensorML:member:parameters:parameter:uom', 1, 'Uom', 'Sensor Web Enablement', 'SensorML:SensorML.1:member.1:parameters.1:parameter.1:uom.1');
INSERT INTO "Storage"."Values" ("form", "path", "ordinal", "type", "typeStandard", "id_value") VALUES (13, 'SensorML:SensorML:member:parameters:parameter', 2, 'Quantity', 'Sensor Web Enablement', 'SensorML:SensorML.1:member.1:parameters.1:parameter.2');
INSERT INTO "Storage"."Values" ("form", "path", "ordinal", "type", "typeStandard", "id_value") VALUES (13, 'SensorML:SensorML:member:parameters:parameter:uom', 1, 'Uom', 'Sensor Web Enablement', 'SensorML:SensorML.1:member.1:parameters.1:parameter.2:uom.1');
INSERT INTO "Storage"."Values" ("form", "path", "ordinal", "type", "typeStandard", "id_value") VALUES (13, 'SensorML:SensorML:member:parameters:parameter', 3, 'QuantityRange', 'Sensor Web Enablement', 'SensorML:SensorML.1:member.1:parameters.1:parameter.3');
INSERT INTO "Storage"."Values" ("form", "path", "ordinal", "type", "typeStandard", "id_value") VALUES (13, 'SensorML:SensorML:member:parameters:parameter:uom', 1, 'Uom', 'Sensor Web Enablement', 'SensorML:SensorML.1:member.1:parameters.1:parameter.3:uom.1');

INSERT INTO "Storage"."TextValues" ("form", "path", "ordinal", "type", "typeStandard", "id_value", "value") VALUES (12, 'SensorML:SensorML:member:role', 1, 'CharacterString', 'ISO 19103', 'SensorML:SensorML.1:member.1:role.1', 'urn:x-ogx:def:sensor:OGC:detector');
INSERT INTO "Storage"."TextValues" ("form", "path", "ordinal", "type", "typeStandard", "id_value", "value") VALUES (12, 'SensorML:SensorML:member:description', 1, 'CharacterString', 'ISO 19103', 'SensorML:SensorML.1:member.1:description.1', 'information about the piezometer');
INSERT INTO "Storage"."TextValues" ("form", "path", "ordinal", "type", "typeStandard", "id_value", "value") VALUES (12, 'SensorML:SensorML:member:id', 1, 'CharacterString', 'ISO 19103', 'SensorML:SensorML.1:member.1:id.1', 'sensor-system');
INSERT INTO "Storage"."TextValues" ("form", "path", "ordinal", "type", "typeStandard", "id_value", "value") VALUES (12, 'SensorML:SensorML:member:name', 1, 'CharacterString', 'ISO 19103', 'SensorML:SensorML.1:member.1:name.1', 'Piezometer Test');
INSERT INTO "Storage"."TextValues" ("form", "path", "ordinal", "type", "typeStandard", "id_value", "value") VALUES (12, 'SensorML:SensorML:member:keywords:codeSpace', 1, 'URI', 'ISO 19103', 'SensorML:SensorML.1:member.1:keywords.1:codeSpace.1', 'urn:x-brgm:def:gcmd:keywords');
INSERT INTO "Storage"."TextValues" ("form", "path", "ordinal", "type", "typeStandard", "id_value", "value") VALUES (12, 'SensorML:SensorML:member:keywords:keyword', 1, 'CharacterString', 'ISO 19103', 'SensorML:SensorML.1:member.1:keywords.1:keyword.1', 'piezometer');
INSERT INTO "Storage"."TextValues" ("form", "path", "ordinal", "type", "typeStandard", "id_value", "value") VALUES (12, 'SensorML:SensorML:member:keywords:keyword', 2, 'CharacterString', 'ISO 19103', 'SensorML:SensorML.1:member.1:keywords.1:keyword.2', 'geosciences');
INSERT INTO "Storage"."TextValues" ("form", "path", "ordinal", "type", "typeStandard", "id_value", "value") VALUES (12, 'SensorML:SensorML:member:keywords:keyword', 3, 'CharacterString', 'ISO 19103', 'SensorML:SensorML.1:member.1:keywords.1:keyword.3', 'point d''eau');
INSERT INTO "Storage"."TextValues" ("form", "path", "ordinal", "type", "typeStandard", "id_value", "value") VALUES (12, 'SensorML:SensorML:member:identification:identifier:name', 1, 'CharacterString', 'ISO 19103', 'SensorML:SensorML.1:member.1:identification.1:identifier.1:name.1', 'bssCode');
INSERT INTO "Storage"."TextValues" ("form", "path", "ordinal", "type", "typeStandard", "id_value", "value") VALUES (12, 'SensorML:SensorML:member:identification:identifier:definition', 1, 'URI', 'ISO 19103', 'SensorML:SensorML.1:member.1:identification.1:identifier.1:definition.1', 'urn:x-ogc:def:identifier:OGC:modelNumber');
INSERT INTO "Storage"."TextValues" ("form", "path", "ordinal", "type", "typeStandard", "id_value", "value") VALUES (12, 'SensorML:SensorML:member:identification:identifier:codeSpace:href', 1, 'CharacterString', 'ISO 19103', 'SensorML:SensorML.1:member.1:identification.1:identifier.1:codeSpace.1:href.1', 'urn:x-brgm:def:samplingStation:bss');
INSERT INTO "Storage"."TextValues" ("form", "path", "ordinal", "type", "typeStandard", "id_value", "value") VALUES (12, 'SensorML:SensorML:member:identification:identifier:value', 1, 'CharacterString', 'ISO 19103', 'SensorML:SensorML.1:member.1:identification.1:identifier.1:value.1', '10972X0137/PONT');
INSERT INTO "Storage"."TextValues" ("form", "path", "ordinal", "type", "typeStandard", "id_value", "value") VALUES (12, 'SensorML:SensorML:member:identification:identifier:name', 1, 'CharacterString', 'ISO 19103', 'SensorML:SensorML.1:member.1:identification.1:identifier.2:name.1', 'supervisorCode');
INSERT INTO "Storage"."TextValues" ("form", "path", "ordinal", "type", "typeStandard", "id_value", "value") VALUES (12, 'SensorML:SensorML:member:identification:identifier:definition', 1, 'URI', 'ISO 19103', 'SensorML:SensorML.1:member.1:identification.1:identifier.2:definition.1', 'urn:x-ogc:def:identifier:OGC:modelNumber');
INSERT INTO "Storage"."TextValues" ("form", "path", "ordinal", "type", "typeStandard", "id_value", "value") VALUES (12, 'SensorML:SensorML:member:identification:identifier:codeSpace:href', 1, 'CharacterString', 'ISO 19103', 'SensorML:SensorML.1:member.1:identification.1:identifier.2:codeSpace.1:href.1', 'urn:x-brgm:def:sensorSystem:hydras');
INSERT INTO "Storage"."TextValues" ("form", "path", "ordinal", "type", "typeStandard", "id_value", "value") VALUES (12, 'SensorML:SensorML:member:identification:identifier:value', 1, 'CharacterString', 'ISO 19103', 'SensorML:SensorML.1:member.1:identification.1:identifier.2:value.1', '00ARGLELES');
INSERT INTO "Storage"."TextValues" ("form", "path", "ordinal", "type", "typeStandard", "id_value", "value") VALUES (12, 'SensorML:SensorML:member:identification:identifier:name', 1, 'CharacterString', 'ISO 19103', 'SensorML:SensorML.1:member.1:identification.1:identifier.3:name.1', 'longName');
INSERT INTO "Storage"."TextValues" ("form", "path", "ordinal", "type", "typeStandard", "id_value", "value") VALUES (12, 'SensorML:SensorML:member:identification:identifier:definition', 1, 'URI', 'ISO 19103', 'SensorML:SensorML.1:member.1:identification.1:identifier.3:definition.1', 'urn:x-ogc:def:identifier:OGC:longname');
INSERT INTO "Storage"."TextValues" ("form", "path", "ordinal", "type", "typeStandard", "id_value", "value") VALUES (12, 'SensorML:SensorML:member:identification:identifier:value', 1, 'CharacterString', 'ISO 19103', 'SensorML:SensorML.1:member.1:identification.1:identifier.3:value.1', 'ARGELES');
INSERT INTO "Storage"."TextValues" ("form", "path", "ordinal", "type", "typeStandard", "id_value", "value") VALUES (12, 'SensorML:SensorML:member:classification:classifier:name', 1, 'CharacterString', 'ISO 19103', 'SensorML:SensorML.1:member.1:classification.1:classifier.1:name.1', 'intendedApplication');
INSERT INTO "Storage"."TextValues" ("form", "path", "ordinal", "type", "typeStandard", "id_value", "value") VALUES (12, 'SensorML:SensorML:member:classification:classifier:definition', 1, 'URI', 'ISO 19103', 'SensorML:SensorML.1:member.1:classification.1:classifier.1:definition.1', 'urn:x-ogc:def:classifier:OGC:application');
INSERT INTO "Storage"."TextValues" ("form", "path", "ordinal", "type", "typeStandard", "id_value", "value") VALUES (12, 'SensorML:SensorML:member:classification:classifier:value', 1, 'CharacterString', 'ISO 19103', 'SensorML:SensorML.1:member.1:classification.1:classifier.1:value.1', 'eaux souterraines');
INSERT INTO "Storage"."TextValues" ("form", "path", "ordinal", "type", "typeStandard", "id_value", "value") VALUES (12, 'SensorML:SensorML:member:classification:classifier:name', 1, 'CharacterString', 'ISO 19103', 'SensorML:SensorML.1:member.1:classification.1:classifier.2:name.1', 'sensorType');
INSERT INTO "Storage"."TextValues" ("form", "path", "ordinal", "type", "typeStandard", "id_value", "value") VALUES (12, 'SensorML:SensorML:member:classification:classifier:definition', 1, 'URI', 'ISO 19103', 'SensorML:SensorML.1:member.1:classification.1:classifier.2:definition.1', 'urn:sensor:classifier:sensorType');
INSERT INTO "Storage"."TextValues" ("form", "path", "ordinal", "type", "typeStandard", "id_value", "value") VALUES (12, 'SensorML:SensorML:member:classification:classifier:codeSpace:href', 1, 'CharacterString', 'ISO 19103', 'SensorML:SensorML.1:member.1:classification.1:classifier.2:codeSpace.1:href.1', 'urn:x-brgm:def:GeoPoint:bss');
INSERT INTO "Storage"."TextValues" ("form", "path", "ordinal", "type", "typeStandard", "id_value", "value") VALUES (12, 'SensorML:SensorML:member:classification:classifier:value', 1, 'CharacterString', 'ISO 19103', 'SensorML:SensorML.1:member.1:classification.1:classifier.2:value.1', 'piezometer');
INSERT INTO "Storage"."TextValues" ("form", "path", "ordinal", "type", "typeStandard", "id_value", "value") VALUES (12, 'SensorML:SensorML:member:classification:classifier:name', 1, 'CharacterString', 'ISO 19103', 'SensorML:SensorML.1:member.1:classification.1:classifier.3:name.1', 'waterBody');
INSERT INTO "Storage"."TextValues" ("form", "path", "ordinal", "type", "typeStandard", "id_value", "value") VALUES (12, 'SensorML:SensorML:member:classification:classifier:definition', 1, 'URI', 'ISO 19103', 'SensorML:SensorML.1:member.1:classification.1:classifier.3:definition.1', 'urn:sensor:classifier:references');
INSERT INTO "Storage"."TextValues" ("form", "path", "ordinal", "type", "typeStandard", "id_value", "value") VALUES (12, 'SensorML:SensorML:member:classification:classifier:codeSpace:href', 1, 'CharacterString', 'ISO 19103', 'SensorML:SensorML.1:member.1:classification.1:classifier.3:codeSpace.1:href.1', 'urn:x-sandre:def:mdo:identifier');
INSERT INTO "Storage"."TextValues" ("form", "path", "ordinal", "type", "typeStandard", "id_value", "value") VALUES (12, 'SensorML:SensorML:member:classification:classifier:value', 1, 'CharacterString', 'ISO 19103', 'SensorML:SensorML.1:member.1:classification.1:classifier.3:value.1', 'FR6221');
INSERT INTO "Storage"."TextValues" ("form", "path", "ordinal", "type", "typeStandard", "id_value", "value") VALUES (12, 'SensorML:SensorML:member:classification:classifier:name', 1, 'CharacterString', 'ISO 19103', 'SensorML:SensorML.1:member.1:classification.1:classifier.4:name.1', 'waterBody');
INSERT INTO "Storage"."TextValues" ("form", "path", "ordinal", "type", "typeStandard", "id_value", "value") VALUES (12, 'SensorML:SensorML:member:classification:classifier:definition', 1, 'URI', 'ISO 19103', 'SensorML:SensorML.1:member.1:classification.1:classifier.4:definition.1', 'urn:sensor:classifier:references');
INSERT INTO "Storage"."TextValues" ("form", "path", "ordinal", "type", "typeStandard", "id_value", "value") VALUES (12, 'SensorML:SensorML:member:classification:classifier:codeSpace:href', 1, 'CharacterString', 'ISO 19103', 'SensorML:SensorML.1:member.1:classification.1:classifier.4:codeSpace.1:href.1', 'urn:x-sandre:def:mdo:name');
INSERT INTO "Storage"."TextValues" ("form", "path", "ordinal", "type", "typeStandard", "id_value", "value") VALUES (12, 'SensorML:SensorML:member:classification:classifier:value', 1, 'CharacterString', 'ISO 19103', 'SensorML:SensorML.1:member.1:classification.1:classifier.4:value.1', 'Multicouche pliocene et alluvions quaternaires du Roussillon');
INSERT INTO "Storage"."TextValues" ("form", "path", "ordinal", "type", "typeStandard", "id_value", "value") VALUES (12, 'SensorML:SensorML:member:classification:classifier:name', 1, 'CharacterString', 'ISO 19103', 'SensorML:SensorML.1:member.1:classification.1:classifier.5:name.1', 'hydrologicalEntity');
INSERT INTO "Storage"."TextValues" ("form", "path", "ordinal", "type", "typeStandard", "id_value", "value") VALUES (12, 'SensorML:SensorML:member:classification:classifier:definition', 1, 'URI', 'ISO 19103', 'SensorML:SensorML.1:member.1:classification.1:classifier.5:definition.1', 'urn:sensor:classifier:references');
INSERT INTO "Storage"."TextValues" ("form", "path", "ordinal", "type", "typeStandard", "id_value", "value") VALUES (12, 'SensorML:SensorML:member:classification:classifier:codeSpace:href', 1, 'CharacterString', 'ISO 19103', 'SensorML:SensorML.1:member.1:classification.1:classifier.5:codeSpace.1:href.1', 'urn:x-sandre:def:bdhrf:identifier');
INSERT INTO "Storage"."TextValues" ("form", "path", "ordinal", "type", "typeStandard", "id_value", "value") VALUES (12, 'SensorML:SensorML:member:classification:classifier:value', 1, 'CharacterString', 'ISO 19103', 'SensorML:SensorML.1:member.1:classification.1:classifier.5:value.1', '225');
INSERT INTO "Storage"."TextValues" ("form", "path", "ordinal", "type", "typeStandard", "id_value", "value") VALUES (12, 'SensorML:SensorML:member:classification:classifier:name', 1, 'CharacterString', 'ISO 19103', 'SensorML:SensorML.1:member.1:classification.1:classifier.6:name.1', 'hydrologicalEntity');
INSERT INTO "Storage"."TextValues" ("form", "path", "ordinal", "type", "typeStandard", "id_value", "value") VALUES (12, 'SensorML:SensorML:member:classification:classifier:definition', 1, 'URI', 'ISO 19103', 'SensorML:SensorML.1:member.1:classification.1:classifier.6:definition.1', 'urn:sensor:classifier:references');
INSERT INTO "Storage"."TextValues" ("form", "path", "ordinal", "type", "typeStandard", "id_value", "value") VALUES (12, 'SensorML:SensorML:member:classification:classifier:codeSpace:href', 1, 'CharacterString', 'ISO 19103', 'SensorML:SensorML.1:member.1:classification.1:classifier.6:codeSpace.1:href.1', 'urn:x-sandre:def:bdhrf:name');
INSERT INTO "Storage"."TextValues" ("form", "path", "ordinal", "type", "typeStandard", "id_value", "value") VALUES (12, 'SensorML:SensorML:member:classification:classifier:value', 1, 'CharacterString', 'ISO 19103', 'SensorML:SensorML.1:member.1:classification.1:classifier.6:value.1', 'Pliocene du Roussillon');
INSERT INTO "Storage"."TextValues" ("form", "path", "ordinal", "type", "typeStandard", "id_value", "value") VALUES (12, 'SensorML:SensorML:member:classification:classifier:name', 1, 'CharacterString', 'ISO 19103', 'SensorML:SensorML.1:member.1:classification.1:classifier.7:name.1', 'commune');
INSERT INTO "Storage"."TextValues" ("form", "path", "ordinal", "type", "typeStandard", "id_value", "value") VALUES (12, 'SensorML:SensorML:member:classification:classifier:definition', 1, 'URI', 'ISO 19103', 'SensorML:SensorML.1:member.1:classification.1:classifier.7:definition.1', 'urn:sensor:classifier:references');
INSERT INTO "Storage"."TextValues" ("form", "path", "ordinal", "type", "typeStandard", "id_value", "value") VALUES (12, 'SensorML:SensorML:member:classification:classifier:codeSpace:href', 1, 'CharacterString', 'ISO 19103', 'SensorML:SensorML.1:member.1:classification.1:classifier.7:codeSpace.1:href.1', 'urn:x-insee:def:commune:identifier');
INSERT INTO "Storage"."TextValues" ("form", "path", "ordinal", "type", "typeStandard", "id_value", "value") VALUES (12, 'SensorML:SensorML:member:classification:classifier:value', 1, 'CharacterString', 'ISO 19103', 'SensorML:SensorML.1:member.1:classification.1:classifier.7:value.1', '66008');
INSERT INTO "Storage"."TextValues" ("form", "path", "ordinal", "type", "typeStandard", "id_value", "value") VALUES (12, 'SensorML:SensorML:member:classification:classifier:name', 1, 'CharacterString', 'ISO 19103', 'SensorML:SensorML.1:member.1:classification.1:classifier.8:name.1', 'commune');
INSERT INTO "Storage"."TextValues" ("form", "path", "ordinal", "type", "typeStandard", "id_value", "value") VALUES (12, 'SensorML:SensorML:member:classification:classifier:definition', 1, 'URI', 'ISO 19103', 'SensorML:SensorML.1:member.1:classification.1:classifier.8:definition.1', 'urn:sensor:classifier:references');
INSERT INTO "Storage"."TextValues" ("form", "path", "ordinal", "type", "typeStandard", "id_value", "value") VALUES (12, 'SensorML:SensorML:member:classification:classifier:codeSpace:href', 1, 'CharacterString', 'ISO 19103', 'SensorML:SensorML.1:member.1:classification.1:classifier.8:codeSpace.1:href.1', 'urn:x-insee:def:commune:name');
INSERT INTO "Storage"."TextValues" ("form", "path", "ordinal", "type", "typeStandard", "id_value", "value") VALUES (12, 'SensorML:SensorML:member:classification:classifier:value', 1, 'CharacterString', 'ISO 19103', 'SensorML:SensorML.1:member.1:classification.1:classifier.8:value.1', 'ARGELES SUR MER');
INSERT INTO "Storage"."TextValues" ("form", "path", "ordinal", "type", "typeStandard", "id_value", "value") VALUES (12, 'SensorML:SensorML:member:classification:classifier:name', 1, 'CharacterString', 'ISO 19103', 'SensorML:SensorML.1:member.1:classification.1:classifier.9:name.1', 'network');
INSERT INTO "Storage"."TextValues" ("form", "path", "ordinal", "type", "typeStandard", "id_value", "value") VALUES (12, 'SensorML:SensorML:member:classification:classifier:definition', 1, 'URI', 'ISO 19103', 'SensorML:SensorML.1:member.1:classification.1:classifier.9:definition.1', 'urn:sensor:classifier:references');
INSERT INTO "Storage"."TextValues" ("form", "path", "ordinal", "type", "typeStandard", "id_value", "value") VALUES (12, 'SensorML:SensorML:member:classification:classifier:codeSpace:href', 1, 'CharacterString', 'ISO 19103', 'SensorML:SensorML.1:member.1:classification.1:classifier.9:codeSpace.1:href.1', 'urn:x-sandre:def:network:identifier');
INSERT INTO "Storage"."TextValues" ("form", "path", "ordinal", "type", "typeStandard", "id_value", "value") VALUES (12, 'SensorML:SensorML:member:classification:classifier:value', 1, 'CharacterString', 'ISO 19103', 'SensorML:SensorML.1:member.1:classification.1:classifier.9:value.1', '600000221');
INSERT INTO "Storage"."TextValues" ("form", "path", "ordinal", "type", "typeStandard", "id_value", "value") VALUES (12, 'SensorML:SensorML:member:classification:classifier:name', 1, 'CharacterString', 'ISO 19103', 'SensorML:SensorML.1:member.1:classification.1:classifier.10:name.1', 'network');
INSERT INTO "Storage"."TextValues" ("form", "path", "ordinal", "type", "typeStandard", "id_value", "value") VALUES (12, 'SensorML:SensorML:member:classification:classifier:definition', 1, 'URI', 'ISO 19103', 'SensorML:SensorML.1:member.1:classification.1:classifier.10:definition.1', 'urn:sensor:classifier:references');
INSERT INTO "Storage"."TextValues" ("form", "path", "ordinal", "type", "typeStandard", "id_value", "value") VALUES (12, 'SensorML:SensorML:member:classification:classifier:codeSpace:href', 1, 'CharacterString', 'ISO 19103', 'SensorML:SensorML.1:member.1:classification.1:classifier.10:codeSpace.1:href.1', 'urn:x-sandre:def:network:identifier');
INSERT INTO "Storage"."TextValues" ("form", "path", "ordinal", "type", "typeStandard", "id_value", "value") VALUES (12, 'SensorML:SensorML:member:classification:classifier:value', 1, 'CharacterString', 'ISO 19103', 'SensorML:SensorML.1:member.1:classification.1:classifier.10:value.1', '600000025');
INSERT INTO "Storage"."TextValues" ("form", "path", "ordinal", "type", "typeStandard", "id_value", "value") VALUES (12, 'SensorML:SensorML:member:legalConstraint:copyRights', 1, 'Boolean', 'ISO 19103', 'SensorML:SensorML.1:member.1:legalConstraint.1:copyRights.1', 'true');
INSERT INTO "Storage"."TextValues" ("form", "path", "ordinal", "type", "typeStandard", "id_value", "value") VALUES (12, 'SensorML:SensorML:member:legalConstraint:privacyAct', 1, 'Boolean', 'ISO 19103', 'SensorML:SensorML.1:member.1:legalConstraint.1:privacyAct.1', 'true');
INSERT INTO "Storage"."TextValues" ("form", "path", "ordinal", "type", "typeStandard", "id_value", "value") VALUES (12, 'SensorML:SensorML:member:legalConstraint:documentation:description', 1, 'CharacterString', 'ISO 19103', 'SensorML:SensorML.1:member.1:legalConstraint.1:documentation.1:description.1', 'Donnees sous copyright du BRGM');
INSERT INTO "Storage"."TextValues" ("form", "path", "ordinal", "type", "typeStandard", "id_value", "value") VALUES (12, 'SensorML:SensorML:member:characteristics:definition', 1, 'URI', 'ISO 19103', 'SensorML:SensorML.1:member.1:characteristics.1:definition.1', 'urn:x-ogc:def:property:physicalProperties');
INSERT INTO "Storage"."TextValues" ("form", "path", "ordinal", "type", "typeStandard", "id_value", "value") VALUES (12, 'SensorML:SensorML:member:characteristics:field:name', 1, 'CharacterString', 'ISO 19103', 'SensorML:SensorML.1:member.1:characteristics.1:field.1:name.1', 'physicalProperties');
INSERT INTO "Storage"."TextValues" ("form", "path", "ordinal", "type", "typeStandard", "id_value", "value") VALUES (12, 'SensorML:SensorML:member:characteristics:field:field:name', 1, 'CharacterString', 'ISO 19103', 'SensorML:SensorML.1:member.1:characteristics.1:field.1:field.1:name.1', 'MaxDepth');
INSERT INTO "Storage"."TextValues" ("form", "path", "ordinal", "type", "typeStandard", "id_value", "value") VALUES (12, 'SensorML:SensorML:member:characteristics:field:field:definition', 1, 'URI', 'ISO 19103', 'SensorML:SensorML.1:member.1:characteristics.1:field.1:field.1:definition.1', 'urn:x-ogc:def:property:depth');
INSERT INTO "Storage"."TextValues" ("form", "path", "ordinal", "type", "typeStandard", "id_value", "value") VALUES (12, 'SensorML:SensorML:member:characteristics:field:field:uom:href', 1, 'CharacterString', 'ISO 19103', 'SensorML:SensorML.1:member.1:characteristics.1:field.1:field.1:uom.1:href.1', 'urn:ogc:unit:m');
INSERT INTO "Storage"."TextValues" ("form", "path", "ordinal", "type", "typeStandard", "id_value", "value") VALUES (12, 'SensorML:SensorML:member:characteristics:field:field:value', 1, 'Double', 'ISO 19103', 'SensorML:SensorML.1:member.1:characteristics.1:field.1:field.1:value.1', '166.0');
INSERT INTO "Storage"."TextValues" ("form", "path", "ordinal", "type", "typeStandard", "id_value", "value") VALUES (12, 'SensorML:SensorML:member:capabilities:definition', 1, 'URI', 'ISO 19103', 'SensorML:SensorML.1:member.1:capabilities.1:definition.1', 'urn:x-ogc:def:property:measurementProperties');
INSERT INTO "Storage"."TextValues" ("form", "path", "ordinal", "type", "typeStandard", "id_value", "value") VALUES (12, 'SensorML:SensorML:member:capabilities:description', 1, 'CharacterString', 'ISO 19103', 'SensorML:SensorML.1:member.1:capabilities.1:description.1', 'Toutes les informations sur les  contraintes sur les donnees');
INSERT INTO "Storage"."TextValues" ("form", "path", "ordinal", "type", "typeStandard", "id_value", "value") VALUES (12, 'SensorML:SensorML:member:capabilities:field:name', 1, 'CharacterString', 'ISO 19103', 'SensorML:SensorML.1:member.1:capabilities.1:field.1:name.1', 'resolution');
INSERT INTO "Storage"."TextValues" ("form", "path", "ordinal", "type", "typeStandard", "id_value", "value") VALUES (12, 'SensorML:SensorML:member:capabilities:field:role', 1, 'CharacterString', 'ISO 19103', 'SensorML:SensorML.1:member.1:capabilities.1:field.1:role.1', 'urn:x-ogc:def:property:resolution');
INSERT INTO "Storage"."TextValues" ("form", "path", "ordinal", "type", "typeStandard", "id_value", "value") VALUES (12, 'SensorML:SensorML:member:capabilities:field:definition', 1, 'URI', 'ISO 19103', 'SensorML:SensorML.1:member.1:capabilities.1:field.1:definition.1', 'urn:x-ogc:def:property:temperature');
INSERT INTO "Storage"."TextValues" ("form", "path", "ordinal", "type", "typeStandard", "id_value", "value") VALUES (12, 'SensorML:SensorML:member:capabilities:field:uom:href', 1, 'CharacterString', 'ISO 19103', 'SensorML:SensorML.1:member.1:capabilities.1:field.1:uom.1:href.1', 'urn:ogc:unit:degree:celsius');
INSERT INTO "Storage"."TextValues" ("form", "path", "ordinal", "type", "typeStandard", "id_value", "value") VALUES (12, 'SensorML:SensorML:member:capabilities:field:value', 1, 'Double', 'ISO 19103', 'SensorML:SensorML.1:member.1:capabilities.1:field.1:value.1', '0.1');
INSERT INTO "Storage"."TextValues" ("form", "path", "ordinal", "type", "typeStandard", "id_value", "value") VALUES (12, 'SensorML:SensorML:member:capabilities:field:name', 1, 'CharacterString', 'ISO 19103', 'SensorML:SensorML.1:member.1:capabilities.1:field.2:name.1', 'accuracy');
INSERT INTO "Storage"."TextValues" ("form", "path", "ordinal", "type", "typeStandard", "id_value", "value") VALUES (12, 'SensorML:SensorML:member:capabilities:field:role', 1, 'CharacterString', 'ISO 19103', 'SensorML:SensorML.1:member.1:capabilities.1:field.2:role.1', 'urn:x-ogc:def:property:accuracy');
INSERT INTO "Storage"."TextValues" ("form", "path", "ordinal", "type", "typeStandard", "id_value", "value") VALUES (12, 'SensorML:SensorML:member:capabilities:field:definition', 1, 'URI', 'ISO 19103', 'SensorML:SensorML.1:member.1:capabilities.1:field.2:definition.1', 'urn:x-ogc:def:property:absoluteAccuracy');
INSERT INTO "Storage"."TextValues" ("form", "path", "ordinal", "type", "typeStandard", "id_value", "value") VALUES (12, 'SensorML:SensorML:member:capabilities:field:uom:href', 1, 'CharacterString', 'ISO 19103', 'SensorML:SensorML.1:member.1:capabilities.1:field.2:uom.1:href.1', 'urn:ogc:unit:percent');
INSERT INTO "Storage"."TextValues" ("form", "path", "ordinal", "type", "typeStandard", "id_value", "value") VALUES (12, 'SensorML:SensorML:member:capabilities:field:value', 1, 'Double', 'ISO 19103', 'SensorML:SensorML.1:member.1:capabilities.1:field.2:value.1', '-0.5');
INSERT INTO "Storage"."TextValues" ("form", "path", "ordinal", "type", "typeStandard", "id_value", "value") VALUES (12, 'SensorML:SensorML:member:capabilities:field:value', 2, 'Double', 'ISO 19103', 'SensorML:SensorML.1:member.1:capabilities.1:field.2:value.2', '0.5');
INSERT INTO "Storage"."TextValues" ("form", "path", "ordinal", "type", "typeStandard", "id_value", "value") VALUES (12, 'SensorML:SensorML:member:contact:role', 1, 'CharacterString', 'ISO 19103', 'SensorML:SensorML.1:member.1:contact.1:role.1', 'urn:x-ogc:def:role:producer');
INSERT INTO "Storage"."TextValues" ("form", "path", "ordinal", "type", "typeStandard", "id_value", "value") VALUES (12, 'SensorML:SensorML:member:contact:individualName', 1, 'CharacterString', 'ISO 19103', 'SensorML:SensorML.1:member.1:contact.1:individualName.1', 'BLAISE Marion (BRGM)');
INSERT INTO "Storage"."TextValues" ("form", "path", "ordinal", "type", "typeStandard", "id_value", "value") VALUES (12, 'SensorML:SensorML:member:contact:organizationName', 1, 'CharacterString', 'ISO 19103', 'SensorML:SensorML.1:member.1:contact.1:organizationName.1', 'BRGM');
INSERT INTO "Storage"."TextValues" ("form", "path", "ordinal", "type", "typeStandard", "id_value", "value") VALUES (12, 'SensorML:SensorML:member:contact:contactInfo:address:deliveryPoint', 1, 'CharacterString', 'ISO 19103', 'SensorML:SensorML.1:member.1:contact.1:contactInfo.1:address.1:deliveryPoint.1', 'SGR LRO-1039 Rue de Pinville-34000 Montpellier');
INSERT INTO "Storage"."TextValues" ("form", "path", "ordinal", "type", "typeStandard", "id_value", "value") VALUES (12, 'SensorML:SensorML:member:contact:contactInfo:address:city', 1, 'CharacterString', 'ISO 19103', 'SensorML:SensorML.1:member.1:contact.1:contactInfo.1:address.1:city.1', 'MONTPELLIER');
INSERT INTO "Storage"."TextValues" ("form", "path", "ordinal", "type", "typeStandard", "id_value", "value") VALUES (12, 'SensorML:SensorML:member:contact:contactInfo:address:electronicMailAddress', 1, 'CharacterString', 'ISO 19103', 'SensorML:SensorML.1:member.1:contact.1:contactInfo.1:address.1:electronicMailAddress.1', 'm.blaise@brgm.fr');
INSERT INTO "Storage"."TextValues" ("form", "path", "ordinal", "type", "typeStandard", "id_value", "value") VALUES (12, 'SensorML:SensorML:member:contact:role', 1, 'CharacterString', 'ISO 19103', 'SensorML:SensorML.1:member.1:contact.2:role.1', 'urn:x-ogc:def:role:owner');
INSERT INTO "Storage"."TextValues" ("form", "path", "ordinal", "type", "typeStandard", "id_value", "value") VALUES (12, 'SensorML:SensorML:member:contact:individualName', 1, 'CharacterString', 'ISO 19103', 'SensorML:SensorML.1:member.1:contact.2:individualName.1', 'ASSENS Martine (CG66)');
INSERT INTO "Storage"."TextValues" ("form", "path", "ordinal", "type", "typeStandard", "id_value", "value") VALUES (12, 'SensorML:SensorML:member:contact:organizationName', 1, 'CharacterString', 'ISO 19103', 'SensorML:SensorML.1:member.1:contact.2:organizationName.1', 'CONSEIL GENERAL DES PYRENEES ORIENTALES');
INSERT INTO "Storage"."TextValues" ("form", "path", "ordinal", "type", "typeStandard", "id_value", "value") VALUES (12, 'SensorML:SensorML:member:contact:contactInfo:address:deliveryPoint', 1, 'CharacterString', 'ISO 19103', 'SensorML:SensorML.1:member.1:contact.2:contactInfo.1:address.1:deliveryPoint.1', 'Hotel du Departement, B.P. 906, 66 906 Perpignan Cedex');
INSERT INTO "Storage"."TextValues" ("form", "path", "ordinal", "type", "typeStandard", "id_value", "value") VALUES (12, 'SensorML:SensorML:member:documentation:role', 1, 'CharacterString', 'ISO 19103', 'SensorML:SensorML.1:member.1:documentation.1:role.1', 'urn:ogc:role:description');
INSERT INTO "Storage"."TextValues" ("form", "path", "ordinal", "type", "typeStandard", "id_value", "value") VALUES (12, 'SensorML:SensorML:member:documentation:description', 1, 'CharacterString', 'ISO 19103', 'SensorML:SensorML.1:member.1:documentation.1:description.1', 'Fiche descriptive de la station');
INSERT INTO "Storage"."TextValues" ("form", "path", "ordinal", "type", "typeStandard", "id_value", "value") VALUES (12, 'SensorML:SensorML:member:documentation:format', 1, 'CharacterString', 'ISO 19103', 'SensorML:SensorML.1:member.1:documentation.1:format.1', 'text/html');
INSERT INTO "Storage"."TextValues" ("form", "path", "ordinal", "type", "typeStandard", "id_value", "value") VALUES (12, 'SensorML:SensorML:member:documentation:onlineResource:href', 1, 'CharacterString', 'ISO 19103', 'SensorML:SensorML.1:member.1:documentation.1:onlineResource.1:href.1', 'http://ades.eaufrance.fr/FichePtEau.aspx?code=10972X0137/PONT');
INSERT INTO "Storage"."TextValues" ("form", "path", "ordinal", "type", "typeStandard", "id_value", "value") VALUES (12, 'SensorML:SensorML:member:spatialReferenceFrame:id', 1, 'ID', 'ISO 19103', 'SensorML:SensorML.1:member.1:spatialReferenceFrame.1:id.1', 'STATION_FRAME');
INSERT INTO "Storage"."TextValues" ("form", "path", "ordinal", "type", "typeStandard", "id_value", "value") VALUES (12, 'SensorML:SensorML:member:spatialReferenceFrame:srsName', 1, 'CharacterString', 'ISO 19103', 'SensorML:SensorML.1:member.1:spatialReferenceFrame.1:srsName.1', 'Position absolue du capteur');
INSERT INTO "Storage"."TextValues" ("form", "path", "ordinal", "type", "typeStandard", "id_value", "value") VALUES (12, 'SensorML:SensorML:member:spatialReferenceFrame:usesCS:href', 1, 'CharacterString', 'ISO 19103', 'SensorML:SensorML.1:member.1:spatialReferenceFrame.1:usesCS.1:href.1', 'urn:ogc:def:crs:ogc:1.0:xyzFrame');
INSERT INTO "Storage"."TextValues" ("form", "path", "ordinal", "type", "typeStandard", "id_value", "value") VALUES (12, 'SensorML:SensorML:member:spatialReferenceFrame:usesEngineeringDatum:id', 1, 'ID', 'ISO 19103', 'SensorML:SensorML.1:member.1:spatialReferenceFrame.1:usesEngineeringDatum.1:id.1', 'datum');
INSERT INTO "Storage"."TextValues" ("form", "path", "ordinal", "type", "typeStandard", "id_value", "value") VALUES (12, 'SensorML:SensorML:member:spatialReferenceFrame:usesEngineeringDatum:datumName', 1, 'CharacterString', 'ISO 19103', 'SensorML:SensorML.1:member.1:spatialReferenceFrame.1:usesEngineeringDatum.1:datumName.1', 'Sensor Datum');
INSERT INTO "Storage"."TextValues" ("form", "path", "ordinal", "type", "typeStandard", "id_value", "value") VALUES (12, 'SensorML:SensorML:member:spatialReferenceFrame:usesEngineeringDatum:anchorPoint', 1, 'CharacterString', 'ISO 19103', 'SensorML:SensorML.1:member.1:spatialReferenceFrame.1:usesEngineeringDatum.1:anchorPoint.1', 'X, Y et Z sont orthogonal au regard d''un point de reference. Toutes les mesures s''effectuent depuis ce point.');
INSERT INTO "Storage"."TextValues" ("form", "path", "ordinal", "type", "typeStandard", "id_value", "value") VALUES (12, 'SensorML:SensorML:member:temporalReferenceFrame:id', 1, 'ID', 'ISO 19103', 'SensorML:SensorML.1:member.1:temporalReferenceFrame.1:id.1', 'temporalReference');
INSERT INTO "Storage"."TextValues" ("form", "path", "ordinal", "type", "typeStandard", "id_value", "value") VALUES (12, 'SensorML:SensorML:member:temporalReferenceFrame:srsName', 1, 'CharacterString', 'ISO 19103', 'SensorML:SensorML.1:member.1:temporalReferenceFrame.1:srsName.1', 'calendrier gregorien en heure d''ete');
INSERT INTO "Storage"."TextValues" ("form", "path", "ordinal", "type", "typeStandard", "id_value", "value") VALUES (12, 'SensorML:SensorML:member:temporalReferenceFrame:usesTemporalCS:href', 1, 'CharacterString', 'ISO 19103', 'SensorML:SensorML.1:member.1:temporalReferenceFrame.1:usesTemporalCS.1:href.1', 'urn:x-brgm:temporalCS:gregorian');
INSERT INTO "Storage"."TextValues" ("form", "path", "ordinal", "type", "typeStandard", "id_value", "value") VALUES (12, 'SensorML:SensorML:member:temporalReferenceFrame:usesTemporalDatum:href', 1, 'CharacterString', 'ISO 19103', 'SensorML:SensorML.1:member.1:temporalReferenceFrame.1:usesTemporalDatum.1:href.1', 'urn:x-brgm:temporalDatum:UniversalTime');
INSERT INTO "Storage"."TextValues" ("form", "path", "ordinal", "type", "typeStandard", "id_value", "value") VALUES (12, 'SensorML:SensorML:member:location:id', 1, 'ID', 'ISO 19103', 'SensorML:SensorML.1:member.1:location.1:id.1', 'STATION_LOCALISATION');
INSERT INTO "Storage"."TextValues" ("form", "path", "ordinal", "type", "typeStandard", "id_value", "value") VALUES (12, 'SensorML:SensorML:member:location:pos:srsDimension', 1, 'Integer', 'ISO 19103', 'SensorML:SensorML.1:member.1:location.1:pos.1:srsDimension.1', '2');
INSERT INTO "Storage"."TextValues" ("form", "path", "ordinal", "type", "typeStandard", "id_value", "value") VALUES (12, 'SensorML:SensorML:member:location:pos:srsName', 1, 'CharacterString', 'ISO 19103', 'SensorML:SensorML.1:member.1:location.1:pos.1:srsName.1', 'urn:ogc:crs:EPSG:27582');
INSERT INTO "Storage"."TextValues" ("form", "path", "ordinal", "type", "typeStandard", "id_value", "value") VALUES (12, 'SensorML:SensorML:member:location:pos', 1, 'Pos', 'ISO 19108', 'SensorML:SensorML.1:member.1:location.1:pos.1', '65400.0 1731368.0');
INSERT INTO "Storage"."TextValues" ("form", "path", "ordinal", "type", "typeStandard", "id_value", "value") VALUES (12, 'SensorML:SensorML:member:interfaces:interface:name', 1, 'CharacterString', 'ISO 19103', 'SensorML:SensorML.1:member.1:interfaces.1:interface.1:name.1', 'RS-232');
INSERT INTO "Storage"."TextValues" ("form", "path", "ordinal", "type", "typeStandard", "id_value", "value") VALUES (12, 'SensorML:SensorML:member:interfaces:interface:applicationLayer:definition', 1, 'URI', 'ISO 19103', 'SensorML:SensorML.1:member.1:interfaces.1:interface.1:applicationLayer.1:definition.1', 'urn:ogc:def:protocol:applicationLink');
INSERT INTO "Storage"."TextValues" ("form", "path", "ordinal", "type", "typeStandard", "id_value", "value") VALUES (12, 'SensorML:SensorML:member:interfaces:interface:applicationLayer:value', 1, 'CharacterString', 'ISO 19103', 'SensorML:SensorML.1:member.1:interfaces.1:interface.1:applicationLayer.1:value.1', 'urn:x-brgm:def:protocol:hydrasIRIS');
INSERT INTO "Storage"."TextValues" ("form", "path", "ordinal", "type", "typeStandard", "id_value", "value") VALUES (12, 'SensorML:SensorML:member:interfaces:interface:dataLinkLayer:definition', 1, 'URI', 'ISO 19103', 'SensorML:SensorML.1:member.1:interfaces.1:interface.1:dataLinkLayer.1:definition.1', 'urn:ogc:def:protocol:dataLink');
INSERT INTO "Storage"."TextValues" ("form", "path", "ordinal", "type", "typeStandard", "id_value", "value") VALUES (12, 'SensorML:SensorML:member:interfaces:interface:dataLinkLayer:value', 1, 'CharacterString', 'ISO 19103', 'SensorML:SensorML.1:member.1:interfaces.1:interface.1:dataLinkLayer.1:value.1', 'urn:x-brgm:def:dataLink:RTC');
INSERT INTO "Storage"."TextValues" ("form", "path", "ordinal", "type", "typeStandard", "id_value", "value") VALUES (12, 'SensorML:SensorML:member:inputs:input:name', 1, 'CharacterString', 'ISO 19103', 'SensorML:SensorML.1:member.1:inputs.1:input.1:name.1', 'level');
INSERT INTO "Storage"."TextValues" ("form", "path", "ordinal", "type", "typeStandard", "id_value", "value") VALUES (12, 'SensorML:SensorML:member:inputs:input:definition', 1, 'CharacterString', 'ISO 19103', 'SensorML:SensorML.1:member.1:inputs.1:input.1:definition.1', 'urn:x-ogc:def:phenomenon:OGC:level');
INSERT INTO "Storage"."TextValues" ("form", "path", "ordinal", "type", "typeStandard", "id_value", "value") VALUES (12, 'SensorML:SensorML:member:outputs:output:name', 1, 'CharacterString', 'ISO 19103', 'SensorML:SensorML.1:member.1:outputs.1:output.1:name.1', 'piezoMeasurements');
INSERT INTO "Storage"."TextValues" ("form", "path", "ordinal", "type", "typeStandard", "id_value", "value") VALUES (12, 'SensorML:SensorML:member:outputs:output:id', 1, 'ID', 'ISO 19103', 'SensorML:SensorML.1:member.1:outputs.1:output.1:id.1', 'outputGroup');
INSERT INTO "Storage"."TextValues" ("form", "path", "ordinal", "type", "typeStandard", "id_value", "value") VALUES (12, 'SensorML:SensorML:member:outputs:output:field:name', 1, 'CharacterString', 'ISO 19103', 'SensorML:SensorML.1:member.1:outputs.1:output.1:field.1:name.1', 'time');
INSERT INTO "Storage"."TextValues" ("form", "path", "ordinal", "type", "typeStandard", "id_value", "value") VALUES (12, 'SensorML:SensorML:member:outputs:output:field:definition', 1, 'URI', 'ISO 19103', 'SensorML:SensorML.1:member.1:outputs.1:output.1:field.1:definition.1', 'urn:x-ogc:def:phenomenon:observationTime');
INSERT INTO "Storage"."TextValues" ("form", "path", "ordinal", "type", "typeStandard", "id_value", "value") VALUES (12, 'SensorML:SensorML:member:outputs:output:field:uom:href', 1, 'CharacterString', 'ISO 19103', 'SensorML:SensorML.1:member.1:outputs.1:output.1:field.1:uom.1:href.1', 'urn:x-ogc:def:unit:ISO8601');
INSERT INTO "Storage"."TextValues" ("form", "path", "ordinal", "type", "typeStandard", "id_value", "value") VALUES (12, 'SensorML:SensorML:member:outputs:output:field:name', 1, 'CharacterString', 'ISO 19103', 'SensorML:SensorML.1:member.1:outputs.1:output.1:field.2:name.1', 'depth');
INSERT INTO "Storage"."TextValues" ("form", "path", "ordinal", "type", "typeStandard", "id_value", "value") VALUES (12, 'SensorML:SensorML:member:outputs:output:field:definition', 1, 'URI', 'ISO 19103', 'SensorML:SensorML.1:member.1:outputs.1:output.1:field.2:definition.1', 'urn:x-ogc:def:phenomenon:OGC:depth');
INSERT INTO "Storage"."TextValues" ("form", "path", "ordinal", "type", "typeStandard", "id_value", "value") VALUES (12, 'SensorML:SensorML:member:outputs:output:field:uom:code', 1, 'CharacterString', 'ISO 19103', 'SensorML:SensorML.1:member.1:outputs.1:output.1:field.2:uom.1:code.1', 'm');
INSERT INTO "Storage"."TextValues" ("form", "path", "ordinal", "type", "typeStandard", "id_value", "value") VALUES (12, 'SensorML:SensorML:member:outputs:output:field:name', 1, 'CharacterString', 'ISO 19103', 'SensorML:SensorML.1:member.1:outputs.1:output.1:field.3:name.1', 'validity');
INSERT INTO "Storage"."TextValues" ("form", "path", "ordinal", "type", "typeStandard", "id_value", "value") VALUES (12, 'SensorML:SensorML:member:outputs:output:field:definition', 1, 'URI', 'ISO 19103', 'SensorML:SensorML.1:member.1:outputs.1:output.1:field.3:definition.1', 'urn:x-ogc:def:phenomenon:BRGM:validity');
INSERT INTO "Storage"."TextValues" ("form", "path", "ordinal", "type", "typeStandard", "id_value", "value") VALUES (12, 'SensorML:SensorML:member:components:component:href', 1, 'CharacterString', 'ISO 19103', 'SensorML:SensorML.1:member.1:components.1:component.1:href.1', 'capteur_');
INSERT INTO "Storage"."TextValues" ("form", "path", "ordinal", "type", "typeStandard", "id_value", "value") VALUES (12, 'SensorML:SensorML:member:components:component:role', 1, 'CharacterString', 'ISO 19103', 'SensorML:SensorML.1:member.1:components.1:component.1:role.1', 'urn:x-ogc:def:sensor:detector');
INSERT INTO "Storage"."TextValues" ("form", "path", "ordinal", "type", "typeStandard", "id_value", "value") VALUES (12, 'SensorML:SensorML:member:positions:position:name', 1, 'CharacterString', 'ISO 19103', 'SensorML:SensorML.1:member.1:positions.1:position.1:name.1', 'piezoPosition');
INSERT INTO "Storage"."TextValues" ("form", "path", "ordinal", "type", "typeStandard", "id_value", "value") VALUES (12, 'SensorML:SensorML:member:positions:position:localFrame', 1, 'URI', 'ISO 19103', 'SensorML:SensorML.1:member.1:positions.1:position.1:localFrame.1', '#PIEZOMETER_FRAME');
INSERT INTO "Storage"."TextValues" ("form", "path", "ordinal", "type", "typeStandard", "id_value", "value") VALUES (12, 'SensorML:SensorML:member:positions:position:referenceFrame', 1, 'URI', 'ISO 19103', 'SensorML:SensorML.1:member.1:positions.1:position.1:referenceFrame.1', '#REFERENCE_POINT');
INSERT INTO "Storage"."TextValues" ("form", "path", "ordinal", "type", "typeStandard", "id_value", "value") VALUES (12, 'SensorML:SensorML:member:positions:position:location:definition', 1, 'URI', 'ISO 19103', 'SensorML:SensorML.1:member.1:positions.1:position.1:location.1:definition.1', 'urn:ogc:def:phenomenon:location');
INSERT INTO "Storage"."TextValues" ("form", "path", "ordinal", "type", "typeStandard", "id_value", "value") VALUES (12, 'SensorML:SensorML:member:positions:position:location:coordinate:name', 1, 'CharacterString', 'ISO 19103', 'SensorML:SensorML.1:member.1:positions.1:position.1:location.1:coordinate.1:name.1', 'x');
INSERT INTO "Storage"."TextValues" ("form", "path", "ordinal", "type", "typeStandard", "id_value", "value") VALUES (12, 'SensorML:SensorML:member:positions:position:location:coordinate:axisID', 1, 'CharacterString', 'ISO 19103', 'SensorML:SensorML.1:member.1:positions.1:position.1:location.1:coordinate.1:axisID.1', 'X');
INSERT INTO "Storage"."TextValues" ("form", "path", "ordinal", "type", "typeStandard", "id_value", "value") VALUES (12, 'SensorML:SensorML:member:positions:position:location:coordinate:definition', 1, 'URI', 'ISO 19103', 'SensorML:SensorML.1:member.1:positions.1:position.1:location.1:coordinate.1:definition.1', 'urn:ogc:def:phenomenon:distance');
INSERT INTO "Storage"."TextValues" ("form", "path", "ordinal", "type", "typeStandard", "id_value", "value") VALUES (12, 'SensorML:SensorML:member:positions:position:location:coordinate:uom:code', 1, 'CharacterString', 'ISO 19103', 'SensorML:SensorML.1:member.1:positions.1:position.1:location.1:coordinate.1:uom.1:code.1', 'm');
INSERT INTO "Storage"."TextValues" ("form", "path", "ordinal", "type", "typeStandard", "id_value", "value") VALUES (12, 'SensorML:SensorML:member:positions:position:location:coordinate:value', 1, 'Double', 'ISO 19103', 'SensorML:SensorML.1:member.1:positions.1:position.1:location.1:coordinate.1:value.1', '0.0');
INSERT INTO "Storage"."TextValues" ("form", "path", "ordinal", "type", "typeStandard", "id_value", "value") VALUES (12, 'SensorML:SensorML:member:positions:position:location:coordinate:name', 1, 'CharacterString', 'ISO 19103', 'SensorML:SensorML.1:member.1:positions.1:position.1:location.1:coordinate.2:name.1', 'y');
INSERT INTO "Storage"."TextValues" ("form", "path", "ordinal", "type", "typeStandard", "id_value", "value") VALUES (12, 'SensorML:SensorML:member:positions:position:location:coordinate:axisID', 1, 'CharacterString', 'ISO 19103', 'SensorML:SensorML.1:member.1:positions.1:position.1:location.1:coordinate.2:axisID.1', 'Y');
INSERT INTO "Storage"."TextValues" ("form", "path", "ordinal", "type", "typeStandard", "id_value", "value") VALUES (12, 'SensorML:SensorML:member:positions:position:location:coordinate:definition', 1, 'URI', 'ISO 19103', 'SensorML:SensorML.1:member.1:positions.1:position.1:location.1:coordinate.2:definition.1', 'urn:ogc:def:phenomenon:distance');
INSERT INTO "Storage"."TextValues" ("form", "path", "ordinal", "type", "typeStandard", "id_value", "value") VALUES (12, 'SensorML:SensorML:member:positions:position:location:coordinate:uom:code', 1, 'CharacterString', 'ISO 19103', 'SensorML:SensorML.1:member.1:positions.1:position.1:location.1:coordinate.2:uom.1:code.1', 'm');
INSERT INTO "Storage"."TextValues" ("form", "path", "ordinal", "type", "typeStandard", "id_value", "value") VALUES (12, 'SensorML:SensorML:member:positions:position:location:coordinate:value', 1, 'Double', 'ISO 19103', 'SensorML:SensorML.1:member.1:positions.1:position.1:location.1:coordinate.2:value.1', '0.0');
INSERT INTO "Storage"."TextValues" ("form", "path", "ordinal", "type", "typeStandard", "id_value", "value") VALUES (12, 'SensorML:SensorML:member:positions:position:location:coordinate:name', 1, 'CharacterString', 'ISO 19103', 'SensorML:SensorML.1:member.1:positions.1:position.1:location.1:coordinate.3:name.1', 'z');
INSERT INTO "Storage"."TextValues" ("form", "path", "ordinal", "type", "typeStandard", "id_value", "value") VALUES (12, 'SensorML:SensorML:member:positions:position:location:coordinate:axisID', 1, 'CharacterString', 'ISO 19103', 'SensorML:SensorML.1:member.1:positions.1:position.1:location.1:coordinate.3:axisID.1', 'Z');
INSERT INTO "Storage"."TextValues" ("form", "path", "ordinal", "type", "typeStandard", "id_value", "value") VALUES (12, 'SensorML:SensorML:member:positions:position:location:coordinate:definition', 1, 'URI', 'ISO 19103', 'SensorML:SensorML.1:member.1:positions.1:position.1:location.1:coordinate.3:definition.1', 'urn:ogc:def:phenomenon:distance');
INSERT INTO "Storage"."TextValues" ("form", "path", "ordinal", "type", "typeStandard", "id_value", "value") VALUES (12, 'SensorML:SensorML:member:positions:position:location:coordinate:uom:code', 1, 'CharacterString', 'ISO 19103', 'SensorML:SensorML.1:member.1:positions.1:position.1:location.1:coordinate.3:uom.1:code.1', 'm');
INSERT INTO "Storage"."TextValues" ("form", "path", "ordinal", "type", "typeStandard", "id_value", "value") VALUES (12, 'SensorML:SensorML:member:positions:position:location:coordinate:value', 1, 'Double', 'ISO 19103', 'SensorML:SensorML.1:member.1:positions.1:position.1:location.1:coordinate.3:value.1', '0');
INSERT INTO "Storage"."TextValues" ("form", "path", "ordinal", "type", "typeStandard", "id_value", "value") VALUES (12, 'SensorML:SensorML:member:connections:connection:name', 1, 'ID', 'ISO 19103', 'SensorML:SensorML.1:member.1:connections.1:connection.1:name.1', 'inputTolevel');
INSERT INTO "Storage"."TextValues" ("form", "path", "ordinal", "type", "typeStandard", "id_value", "value") VALUES (12, 'SensorML:SensorML:member:connections:connection:source:ref', 1, 'CharacterString', 'ISO 19103', 'SensorML:SensorML.1:member.1:connections.1:connection.1:source.1:ref.1', 'this/inputs/level');
INSERT INTO "Storage"."TextValues" ("form", "path", "ordinal", "type", "typeStandard", "id_value", "value") VALUES (12, 'SensorML:SensorML:member:connections:connection:destination:ref', 1, 'CharacterString', 'ISO 19103', 'SensorML:SensorML.1:member.1:connections.1:connection.1:destination.1:ref.1', 'piezometer/inputs/level');
INSERT INTO "Storage"."TextValues" ("form", "path", "ordinal", "type", "typeStandard", "id_value", "value") VALUES (12, 'SensorML:SensorML:member:connections:connection:name', 1, 'ID', 'ISO 19103', 'SensorML:SensorML.1:member.1:connections.1:connection.2:name.1', 'depthToOutput');
INSERT INTO "Storage"."TextValues" ("form", "path", "ordinal", "type", "typeStandard", "id_value", "value") VALUES (12, 'SensorML:SensorML:member:connections:connection:source:ref', 1, 'CharacterString', 'ISO 19103', 'SensorML:SensorML.1:member.1:connections.1:connection.2:source.1:ref.1', 'piezometer/outputs/depth');
INSERT INTO "Storage"."TextValues" ("form", "path", "ordinal", "type", "typeStandard", "id_value", "value") VALUES (12, 'SensorML:SensorML:member:connections:connection:destination:ref', 1, 'CharacterString', 'ISO 19103', 'SensorML:SensorML.1:member.1:connections.1:connection.2:destination.1:ref.1', 'this/outputs/piezoMeasurements/depth');


INSERT INTO "Storage"."TextValues" ("form", "path", "ordinal", "type", "typeStandard", "id_value", "value") VALUES (13, 'SensorML:SensorML:member:role', 1, 'CharacterString', 'ISO 19103', 'SensorML:SensorML.1:member.1:role.1', 'urn:x-ogx:def:sensor:OGC:detector');
INSERT INTO "Storage"."TextValues" ("form", "path", "ordinal", "type", "typeStandard", "id_value", "value") VALUES (13, 'SensorML:SensorML:member:name', 1, 'CharacterString', 'ISO 19103', 'SensorML:SensorML.1:member.1:name.1', 'Capteur Profondeur de ARGELES');
INSERT INTO "Storage"."TextValues" ("form", "path", "ordinal", "type", "typeStandard", "id_value", "value") VALUES (13, 'SensorML:SensorML:member:keywords:codeSpace', 1, 'URI', 'ISO 19103', 'SensorML:SensorML.1:member.1:keywords.1:codeSpace.1', 'urn:x-brgm:def:gcmd:keywords');
INSERT INTO "Storage"."TextValues" ("form", "path", "ordinal", "type", "typeStandard", "id_value", "value") VALUES (13, 'SensorML:SensorML:member:keywords:keyword', 1, 'CharacterString', 'ISO 19103', 'SensorML:SensorML.1:member.1:keywords.1:keyword.1', 'piezometer');
INSERT INTO "Storage"."TextValues" ("form", "path", "ordinal", "type", "typeStandard", "id_value", "value") VALUES (13, 'SensorML:SensorML:member:keywords:keyword', 2, 'CharacterString', 'ISO 19103', 'SensorML:SensorML.1:member.1:keywords.1:keyword.2', 'geosciences');
INSERT INTO "Storage"."TextValues" ("form", "path", "ordinal", "type", "typeStandard", "id_value", "value") VALUES (13, 'SensorML:SensorML:member:keywords:keyword', 3, 'CharacterString', 'ISO 19103', 'SensorML:SensorML.1:member.1:keywords.1:keyword.3', 'point d''eau');
INSERT INTO "Storage"."TextValues" ("form", "path", "ordinal", "type", "typeStandard", "id_value", "value") VALUES (13, 'SensorML:SensorML:member:identification:identifier:name', 1, 'CharacterString', 'ISO 19103', 'SensorML:SensorML.1:member.1:identification.1:identifier.1:name.1', 'supervisorCode');
INSERT INTO "Storage"."TextValues" ("form", "path", "ordinal", "type", "typeStandard", "id_value", "value") VALUES (13, 'SensorML:SensorML:member:identification:identifier:definition', 1, 'URI', 'ISO 19103', 'SensorML:SensorML.1:member.1:identification.1:identifier.1:definition.1', 'urn:x-ogc:def:identifier:OGC:modelNumber');
INSERT INTO "Storage"."TextValues" ("form", "path", "ordinal", "type", "typeStandard", "id_value", "value") VALUES (13, 'SensorML:SensorML:member:identification:identifier:codeSpace:href', 1, 'CharacterString', 'ISO 19103', 'SensorML:SensorML.1:member.1:identification.1:identifier.1:codeSpace.1:href.1', 'urn:x-brgm:def:sensorSystem:hydras');
INSERT INTO "Storage"."TextValues" ("form", "path", "ordinal", "type", "typeStandard", "id_value", "value") VALUES (13, 'SensorML:SensorML:member:identification:identifier:value', 1, 'CharacterString', 'ISO 19103', 'SensorML:SensorML.1:member.1:identification.1:identifier.1:value.1', '00ARGLELES_2000');
INSERT INTO "Storage"."TextValues" ("form", "path", "ordinal", "type", "typeStandard", "id_value", "value") VALUES (13, 'SensorML:SensorML:member:identification:identifier:name', 1, 'CharacterString', 'ISO 19103', 'SensorML:SensorML.1:member.1:identification.1:identifier.2:name.1', 'longName');
INSERT INTO "Storage"."TextValues" ("form", "path", "ordinal", "type", "typeStandard", "id_value", "value") VALUES (13, 'SensorML:SensorML:member:identification:identifier:definition', 1, 'URI', 'ISO 19103', 'SensorML:SensorML.1:member.1:identification.1:identifier.2:definition.1', 'urn:x-ogc:def:identifier:OGC:longname');
INSERT INTO "Storage"."TextValues" ("form", "path", "ordinal", "type", "typeStandard", "id_value", "value") VALUES (13, 'SensorML:SensorML:member:identification:identifier:value', 1, 'CharacterString', 'ISO 19103', 'SensorML:SensorML.1:member.1:identification.1:identifier.2:value.1', 'Madofil II');
INSERT INTO "Storage"."TextValues" ("form", "path", "ordinal", "type", "typeStandard", "id_value", "value") VALUES (13, 'SensorML:SensorML:member:classification:classifier:name', 1, 'CharacterString', 'ISO 19103', 'SensorML:SensorML.1:member.1:classification.1:classifier.1:name.1', 'intendedApplication');
INSERT INTO "Storage"."TextValues" ("form", "path", "ordinal", "type", "typeStandard", "id_value", "value") VALUES (13, 'SensorML:SensorML:member:classification:classifier:definition', 1, 'URI', 'ISO 19103', 'SensorML:SensorML.1:member.1:classification.1:classifier.1:definition.1', 'urn:x-ogc:def:classifier:OGC:application');
INSERT INTO "Storage"."TextValues" ("form", "path", "ordinal", "type", "typeStandard", "id_value", "value") VALUES (13, 'SensorML:SensorML:member:classification:classifier:value', 1, 'CharacterString', 'ISO 19103', 'SensorML:SensorML.1:member.1:classification.1:classifier.1:value.1', 'eaux souterraines');
INSERT INTO "Storage"."TextValues" ("form", "path", "ordinal", "type", "typeStandard", "id_value", "value") VALUES (13, 'SensorML:SensorML:member:classification:classifier:name', 1, 'CharacterString', 'ISO 19103', 'SensorML:SensorML.1:member.1:classification.1:classifier.2:name.1', 'sensorType');
INSERT INTO "Storage"."TextValues" ("form", "path", "ordinal", "type", "typeStandard", "id_value", "value") VALUES (13, 'SensorML:SensorML:member:classification:classifier:definition', 1, 'URI', 'ISO 19103', 'SensorML:SensorML.1:member.1:classification.1:classifier.2:definition.1', 'urn:sensor:classifier:sensorType');
INSERT INTO "Storage"."TextValues" ("form", "path", "ordinal", "type", "typeStandard", "id_value", "value") VALUES (13, 'SensorML:SensorML:member:classification:classifier:codeSpace:href', 1, 'CharacterString', 'ISO 19103', 'SensorML:SensorML.1:member.1:classification.1:classifier.2:codeSpace.1:href.1', 'urn:x-brgm:def:GeoPoint:bss');
INSERT INTO "Storage"."TextValues" ("form", "path", "ordinal", "type", "typeStandard", "id_value", "value") VALUES (13, 'SensorML:SensorML:member:classification:classifier:value', 1, 'CharacterString', 'ISO 19103', 'SensorML:SensorML.1:member.1:classification.1:classifier.2:value.1', 'Profondeur');
INSERT INTO "Storage"."TextValues" ("form", "path", "ordinal", "type", "typeStandard", "id_value", "value") VALUES (13, 'SensorML:SensorML:member:validTime:beginPosition', 1, 'Date', 'ISO 19108', 'SensorML:SensorML.1:member.1:validTime.1:beginPosition.1', '2004-06-01');
INSERT INTO "Storage"."TextValues" ("form", "path", "ordinal", "type", "typeStandard", "id_value", "value") VALUES (13, 'SensorML:SensorML:member:validTime:endPosition:indeterminatePosition', 1, 'CharacterString', 'ISO 19103', 'SensorML:SensorML.1:member.1:validTime.1:endPosition.1:indeterminatePosition.1', 'now');
INSERT INTO "Storage"."TextValues" ("form", "path", "ordinal", "type", "typeStandard", "id_value", "value") VALUES (13, 'SensorML:SensorML:member:capabilities:definition', 1, 'URI', 'ISO 19103', 'SensorML:SensorML.1:member.1:capabilities.1:definition.1', 'urn:x-brgm:def:property:periodOfData');
INSERT INTO "Storage"."TextValues" ("form", "path", "ordinal", "type", "typeStandard", "id_value", "value") VALUES (13, 'SensorML:SensorML:member:capabilities:field:name', 1, 'CharacterString', 'ISO 19103', 'SensorML:SensorML.1:member.1:capabilities.1:field.1:name.1', 'periodOfData');
INSERT INTO "Storage"."TextValues" ("form", "path", "ordinal", "type", "typeStandard", "id_value", "value") VALUES (13, 'SensorML:SensorML:member:capabilities:field:role', 1, 'CharacterString', 'ISO 19103', 'SensorML:SensorML.1:member.1:capabilities.1:field.1:role.1', 'urn:x-brgm:def:property:periodOfData');
INSERT INTO "Storage"."TextValues" ("form", "path", "ordinal", "type", "typeStandard", "id_value", "value") VALUES (13, 'SensorML:SensorML:member:capabilities:field:value', 1, 'Double', 'ISO 19103', 'SensorML:SensorML.1:member.1:capabilities.1:field.1:value.1', '1987-04-23 now');
INSERT INTO "Storage"."TextValues" ("form", "path", "ordinal", "type", "typeStandard", "id_value", "value") VALUES (13, 'SensorML:SensorML:member:contact:role', 1, 'CharacterString', 'ISO 19103', 'SensorML:SensorML.1:member.1:contact.1:role.1', 'urn:x-ogc:def:role:manufacturer');
INSERT INTO "Storage"."TextValues" ("form", "path", "ordinal", "type", "typeStandard", "id_value", "value") VALUES (13, 'SensorML:SensorML:member:contact:organizationName', 1, 'CharacterString', 'ISO 19103', 'SensorML:SensorML.1:member.1:contact.1:organizationName.1', 'IRIS');
INSERT INTO "Storage"."TextValues" ("form", "path", "ordinal", "type", "typeStandard", "id_value", "value") VALUES (13, 'SensorML:SensorML:member:position:name', 1, 'CharacterString', 'ISO 19103', 'SensorML:SensorML.1:member.1:position.1:name.1', 'conductivitePosition');
INSERT INTO "Storage"."TextValues" ("form", "path", "ordinal", "type", "typeStandard", "id_value", "value") VALUES (13, 'SensorML:SensorML:member:position:href', 1, 'CharacterString', 'ISO 19103', 'SensorML:SensorML.1:member.1:position.1:href.1', 'piezometer#piezoPosition');
INSERT INTO "Storage"."TextValues" ("form", "path", "ordinal", "type", "typeStandard", "id_value", "value") VALUES (13, 'SensorML:SensorML:member:inputs:input:name', 1, 'CharacterString', 'ISO 19103', 'SensorML:SensorML.1:member.1:inputs.1:input.1:name.1', 'level');
INSERT INTO "Storage"."TextValues" ("form", "path", "ordinal", "type", "typeStandard", "id_value", "value") VALUES (13, 'SensorML:SensorML:member:inputs:input:definition', 1, 'CharacterString', 'ISO 19103', 'SensorML:SensorML.1:member.1:inputs.1:input.1:definition.1', 'urn:x-ogc:def:phenomenon:OGC:level');
INSERT INTO "Storage"."TextValues" ("form", "path", "ordinal", "type", "typeStandard", "id_value", "value") VALUES (13, 'SensorML:SensorML:member:outputs:output:name', 1, 'CharacterString', 'ISO 19103', 'SensorML:SensorML.1:member.1:outputs.1:output.1:name.1', 'depth');
INSERT INTO "Storage"."TextValues" ("form", "path", "ordinal", "type", "typeStandard", "id_value", "value") VALUES (13, 'SensorML:SensorML:member:outputs:output:definition', 1, 'CharacterString', 'ISO 19103', 'SensorML:SensorML.1:member.1:outputs.1:output.1:definition.1', 'urn:x-ogc:def:phenomenon:OGC:depth');
INSERT INTO "Storage"."TextValues" ("form", "path", "ordinal", "type", "typeStandard", "id_value", "value") VALUES (13, 'SensorML:SensorML:member:parameters:parameter:name', 1, 'CharacterString', 'ISO 19103', 'SensorML:SensorML.1:member.1:parameters.1:parameter.1:name.1', 'frequency');
INSERT INTO "Storage"."TextValues" ("form", "path", "ordinal", "type", "typeStandard", "id_value", "value") VALUES (13, 'SensorML:SensorML:member:parameters:parameter:role', 1, 'CharacterString', 'ISO 19103', 'SensorML:SensorML.1:member.1:parameters.1:parameter.1:role.1', 'urn:x-ogc:def:property:frequency');
INSERT INTO "Storage"."TextValues" ("form", "path", "ordinal", "type", "typeStandard", "id_value", "value") VALUES (13, 'SensorML:SensorML:member:parameters:parameter:definition', 1, 'URI', 'ISO 19103', 'SensorML:SensorML.1:member.1:parameters.1:parameter.1:definition.1', 'urn:x-ogc:def:property:frequency');
INSERT INTO "Storage"."TextValues" ("form", "path", "ordinal", "type", "typeStandard", "id_value", "value") VALUES (13, 'SensorML:SensorML:member:parameters:parameter:uom:href', 1, 'CharacterString', 'ISO 19103', 'SensorML:SensorML.1:member.1:parameters.1:parameter.1:uom.1:href.1', 'urn:ogc:unit:minuts');
INSERT INTO "Storage"."TextValues" ("form", "path", "ordinal", "type", "typeStandard", "id_value", "value") VALUES (13, 'SensorML:SensorML:member:parameters:parameter:value', 1, 'Double', 'ISO 19103', 'SensorML:SensorML.1:member.1:parameters.1:parameter.1:value.1', '60');
INSERT INTO "Storage"."TextValues" ("form", "path", "ordinal", "type", "typeStandard", "id_value", "value") VALUES (13, 'SensorML:SensorML:member:parameters:parameter:name', 1, 'CharacterString', 'ISO 19103', 'SensorML:SensorML.1:member.1:parameters.1:parameter.2:name.1', 'precision');
INSERT INTO "Storage"."TextValues" ("form", "path", "ordinal", "type", "typeStandard", "id_value", "value") VALUES (13, 'SensorML:SensorML:member:parameters:parameter:role', 1, 'CharacterString', 'ISO 19103', 'SensorML:SensorML.1:member.1:parameters.1:parameter.2:role.1', 'urn:x-ogc:def:property:precision');
INSERT INTO "Storage"."TextValues" ("form", "path", "ordinal", "type", "typeStandard", "id_value", "value") VALUES (13, 'SensorML:SensorML:member:parameters:parameter:definition', 1, 'URI', 'ISO 19103', 'SensorML:SensorML.1:member.1:parameters.1:parameter.2:definition.1', 'urn:x-ogc:def:property:precision');
INSERT INTO "Storage"."TextValues" ("form", "path", "ordinal", "type", "typeStandard", "id_value", "value") VALUES (13, 'SensorML:SensorML:member:parameters:parameter:uom:code', 1, 'CharacterString', 'ISO 19103', 'SensorML:SensorML.1:member.1:parameters.1:parameter.2:uom.1:code.1', 'm');
INSERT INTO "Storage"."TextValues" ("form", "path", "ordinal", "type", "typeStandard", "id_value", "value") VALUES (13, 'SensorML:SensorML:member:parameters:parameter:value', 1, 'Double', 'ISO 19103', 'SensorML:SensorML.1:member.1:parameters.1:parameter.2:value.1', '0.05');
INSERT INTO "Storage"."TextValues" ("form", "path", "ordinal", "type", "typeStandard", "id_value", "value") VALUES (13, 'SensorML:SensorML:member:parameters:parameter:name', 1, 'CharacterString', 'ISO 19103', 'SensorML:SensorML.1:member.1:parameters.1:parameter.3:name.1', 'validity');
INSERT INTO "Storage"."TextValues" ("form", "path", "ordinal", "type", "typeStandard", "id_value", "value") VALUES (13, 'SensorML:SensorML:member:parameters:parameter:role', 1, 'CharacterString', 'ISO 19103', 'SensorML:SensorML.1:member.1:parameters.1:parameter.3:role.1', 'urn:x-ogc:def:property:validity');
INSERT INTO "Storage"."TextValues" ("form", "path", "ordinal", "type", "typeStandard", "id_value", "value") VALUES (13, 'SensorML:SensorML:member:parameters:parameter:uom:code', 1, 'CharacterString', 'ISO 19103', 'SensorML:SensorML.1:member.1:parameters.1:parameter.3:uom.1:code.1', 'm');
INSERT INTO "Storage"."TextValues" ("form", "path", "ordinal", "type", "typeStandard", "id_value", "value") VALUES (13, 'SensorML:SensorML:member:parameters:parameter:value', 1, 'DecimalPair', 'Sensor Web Enablement', 'SensorML:SensorML.1:member.1:parameters.1:parameter.3:value.1', '0.0 10.0');